timestamp,X_det,Y_det,Z_det,X_est,Y_est,Z_est
155.0,-12.15599749612598,0.0283478993964064,1.109370555200472,-12.15599749612598,0.0283478993964064,1.109370555200472
155.0,,,,-12.213834461252418,-0.009034147753636956,1.1314061438343226
155.0,-13.349633672526096,-1.190129544299362,2.456772246178041,-13.002701918684803,-0.7019308767660647,1.8802025271670275
155.0,-11.932674075020516,-0.5236038831113689,1.728904278087403,-12.534289114352081,-0.6148481756923222,1.7778435366605954
155.04,-12.028197696122374,-0.4509956301273967,1.6802780530480188,-12.298962597926568,-0.5302817151232444,1.7431324491949507
155.04,-13.355273755882807,-1.2294180971742512,2.4019340338967785,-12.748334271288579,-0.8049380023467687,2.0095682463563898
155.04,,,,-12.758157122996991,-0.7859645955636065,1.9923412423367644
155.04,-12.13180076741183,-0.0018149068346639,0.9669240197771526,-12.432129025683091,-0.4039477775992718,1.5271490063275461
155.04,-11.99405368188793,1.0101386274679574,0.6103149520018446,-12.272266270881309,0.22629165910665727,1.1345805880426783
155.04,-10.714073906791988,-1.6285455768038222,0.3039582910252946,-11.65164462998952,-0.4984582101859031,0.8024575481572244
155.08,-13.46994323045151,-1.293385111877976,2.3398858127046127,-12.285895916309745,-0.9003405850427587,1.3905838437430857
155.08,-12.174771473945048,-0.3409712446558675,1.620801686595047,-12.224870832452584,-0.6801915270489657,1.5183489625224755
155.08,-10.696509757698813,-1.6357731241156113,0.1038613785631252,-11.633247039274353,-1.0282430813000583,1.006495635775836
155.08,,,,-11.620858579311381,-1.0257700470399447,0.9959857209186879
155.08,-12.090583925117116,0.0694397569326962,0.7305850625926671,-11.90095519584006,-0.49414892695863655,0.859060173803494
155.12,-12.054536676513369,0.0424376172034471,0.5239407263414217,-12.013848932836483,-0.2875730488118521,0.7645826410307689
155.12,,,,-12.024331177970467,-0.2679056069556746,0.7796892687739789
155.12,-13.527421624395028,-1.371521360384084,2.2590925651005325,-12.741736371580952,-0.7992130101729954,1.5790580161849634
155.12,-12.35838260406719,-0.1933217491307201,1.556328712650448,-12.565337409937717,-0.5447634514611954,1.5631562584862133
155.12,-11.929949474869415,0.9597581948501512,0.1760128790892792,-12.354294011040382,-0.011847350128100903,1.0574673661919225
155.16,-13.650440708917648,-1.4565548865295928,2.1941266480074195,-12.789915551294111,-0.5035998058644104,1.460016051293989
155.16,-10.64617006258022,-1.628674374211987,-0.4061790527766313,-12.028130722029985,-0.957941395808519,0.7206308461285175
155.16,-11.999654306151053,0.0974551822586472,0.2553825351502053,-12.00151393120213,-0.5937050628068254,0.5761512633565313
155.16,,,,-12.019602249153719,-0.5935705657425152,0.5945913788586308
155.16,-12.596151812858448,-0.0161206754453591,1.507881584613157,-12.311741037781799,-0.32673430998776526,1.010935938453391
155.16,-11.895309439968289,0.9011236256541236,-0.0684403900546464,-12.143852512649671,0.18311489599370184,0.535014208931244
155.2,-12.882910337410092,0.1945062551729709,1.4769022342159577,-12.479132054506001,0.18336162530894734,0.9155843046576394
155.2,-11.888386563166533,0.9461875130940576,-0.1518023477171137,-12.255181894699264,0.5153294436301282,0.46909609452975515
155.2,-13.772898357324197,-1.5568622191268873,2.1251502644127807,-12.88036088914127,-0.25916081824687476,1.128315113312045
155.2,-10.60892872538532,-1.635408587631774,-0.7076923949118219,-11.938926031766488,-0.8481328869534275,0.44599737344610585
155.2,-12.044479767950504,0.0154843771598861,0.1389071733301625,-11.996992728052891,-0.47420341622173745,0.31910960382730075
155.2,,,,-12.009229263501556,-0.4620169786282573,0.3349080484900435
155.24,-13.700986995060786,-1.501391818040948,2.160924021645448,-12.837414865819552,-0.9589864110535095,1.213267106897013
155.24,-10.616989603302512,-1.6311525567622778,-0.5339456857901429,-11.933097643597913,-1.2289607677304137,0.5107591932881208
155.24,-12.688544930046138,0.0562281303536384,1.492490263179779,-12.213911634311565,-0.736554486198811,0.9408366028954287
155.24,,,,-12.183565476579854,-0.7293747619056118,0.9182920749360892
155.24,-12.064151068728156,0.0052962166732546,0.3148589759067567,-12.129859866055073,-0.3814755876844274,0.6363558810177835
155.28,,,,-12.162498530113833,-0.3901840732560561,0.6216267413950819
155.28,-11.897721556073757,0.9823351910076566,0.2071226315794095,-12.00291519777542,0.29879352451286256,0.3833928933860667
155.28,-12.521639170335767,-0.0640657987570477,1.5154286512291424,-12.211854901583406,0.1169683624844126,0.8700761636854464
155.28,-13.599119146865824,-1.4342143544428974,2.2063255098564976,-12.837897184086485,-0.4946653066113921,1.4166841637124858
155.28,-12.070228922742402,-0.0026788675652724,0.4790443280450894,-12.511341579596653,-0.34377137957005266,1.054031528202996
155.32,-12.077455238963914,-0.0119783397470977,0.6466255050659045,-12.306800924332295,-0.20297432295596393,0.870045882496984
155.32,-13.505780585621904,-1.3719118444320526,2.254878644416708,-12.75593259801311,-0.6715543604744333,1.389847560558821
155.32,-12.338583344591424,-0.1873675596281395,1.5444456871936605,-12.603996490430216,-0.4680568399970257,1.4233282553863895
155.32,-8.781920799651894,-0.1271997967490606,1.0982777905583063,-11.228689825772188,-0.3837144886834267,1.3621592331971222
155.32,-11.902423621501038,1.0020257395561103,0.3660372672292907,-11.470796051558661,0.09727457764983077,1.0303808277117958
155.36,-11.912045697161586,1.0278963273101471,0.5092797875727698,-11.677159121786087,0.44925842161272056,0.8520896532172386
155.36,-12.091341971832213,-0.0230695671664622,0.7858943421224869,-11.845848472569863,0.2729315589156673,0.8599416875021946
155.36,-8.741364286172162,-0.1316179125853241,1.2266777223559855,-10.61321291296142,0.17367014345819942,1.0281500043394103
155.36,-13.439102810638174,-1.3239979936308717,2.2972749256537885,-11.601956227270344,-0.40807668741127623,1.4289126937172616
155.36,-12.171654534229503,-0.2943633591698703,1.5762146686914151,-11.799476482369702,-0.3607259896775709,1.4602898159077387
155.4,-13.382960131389993,-1.2784314400061645,2.3428017764298623,-12.426674504506906,-0.7461354537639436,1.8517879990624886
155.4,-12.063184882659677,-0.386122334447137,1.6240393310829309,-12.273919612941574,-0.5887559137917648,1.7513847903171587
155.4,-12.07195152586777,0.0072651240453123,0.9018407728810276,-12.212603549013533,-0.3472479690453947,1.4138879604010435
155.44,-10.644952992201246,-1.613819471497931,0.3096543178799016,-11.588231761534844,-0.7877433933918875,0.9649305679782336
155.44,-13.326536402572854,-1.2361653635838536,2.388123416300963,-12.277836298177341,-1.0048582561934931,1.5548591403187046
155.44,-12.064268983065425,0.0201052767905197,1.010679752740484,-12.18696891446502,-0.6296215258147618,1.3559131754551401
155.44,-11.935884124227048,-0.4657194428955033,1.6605758136418691,-12.085805357128075,-0.580321066208796,1.4722686041552075
155.48,-10.64019454062201,-1.6134850004024683,0.3805871778106502,-11.567577295256212,-0.9626549782745438,1.0663319568074008
155.48,-13.258905446048542,-1.212828776932783,2.4083666116870592,-12.20186018688793,-1.0764526509480175,1.5879351826089527
155.48,-11.875701322664478,-0.5065936179961845,1.6846692698460148,-12.04156142447549,-0.8495677933040411,1.6260943020308176
155.48,-12.092590365932224,-0.0485727431167367,1.1149420792041385,-12.035370285693633,-0.5453428068245368,1.432855214224698
155.52,-11.833243078088362,-0.5365619609499686,1.7042785906256677,-11.972193844676617,-0.5512838851218167,1.553391089038626
155.52,-10.641839978638892,-1.6145157802485255,0.4446476326323893,-11.425182729085243,-0.95837615437021,1.0807300474895052
155.52,-8.751074478978795,-0.1214680098023159,1.5356902585757428,-10.35467581493421,-0.6175157256799966,1.3174197021232794
155.52,-13.21952503640076,-1.1992715592100878,2.4207688207599074,-11.592634668918809,-0.8188102903273345,1.7347806287052576
155.52,-12.060770535865531,-0.0377916026859095,1.1300821827956116,-11.806894034949554,-0.5396672120777875,1.481713460860809
155.56,,,,-11.824641514000364,-0.5608470355116961,1.5172106243646033
155.56,-11.848186381514836,-0.5191285098176248,1.6888714583366498,-11.83722560374521,-0.5434541684934879,1.5586731275160175
155.56,-11.877797575499407,0.9669799772639625,0.7476765651618054,-11.808541683819701,0.06782476833291984,1.1791127347135124
155.56,-8.830482661550047,-0.1221220669987696,1.4464674138920743,-10.737523609410074,0.01337968437169897,1.2378394358699876
155.56,-12.025322061371492,-0.0088488008503881,1.0574229877144072,-11.201100751537142,-0.019238775766653147,1.165612207798368
155.56,-13.22512888070674,-1.2086717025127005,2.408048121764669,-11.996751684535456,-0.4729074730995442,1.528149304347453
155.56,-10.633972390792277,-1.610110429520611,0.4063510302036734,-11.485977968508085,-0.9316520501707761,1.1099535761963095
155.56,,,,-11.501289238603185,-0.9247873256656788,1.1334917250599437
155.6,-13.320720935711035,-1.2552165228610874,2.361153005923699,-12.39627638538177,-1.1517206961484383,1.7383941864967596
155.6,-12.066791778553728,-0.0159040359442795,0.8830438985744777,-12.243120995301066,-0.6844066693052038,1.359027414367282
155.6,-11.960488874188268,-0.433584436622058,1.6346190987985645,-12.153355310825996,-0.5835062217606419,1.4736259002070944
155.6,-8.740591897605173,-0.1170891839001404,1.3081603229269902,-10.857787613647343,-0.3321444019193347,1.424652142570434
155.6,-10.62664398249708,-1.608570429648143,0.2481313299078595,-10.798610243863505,-0.8874449326273579,0.9533930142877669
155.64,-12.216486619863325,-0.2643510578989401,1.565333608620148,-11.362107206818472,-0.690562836226584,1.2166969519827096
155.64,-11.915442223145122,1.0030718067964544,0.271090452991172,-11.56260665790249,0.01279162025699804,0.8585996830092256
155.64,-12.043829097422329,0.0466416376019862,0.6274208014413551,-11.741675029401604,0.02351903715148665,0.7733431282987175
155.64,-10.645896205351637,-1.6064138615032229,-0.0271699597329696,-11.352541054269189,-0.6391964953072452,0.4788690237854784
155.64,-13.462224812800942,-1.330705708178466,2.293679762341231,-12.134701685245842,-0.9107676068834312,1.1979101673341228
155.68,-13.620722061641631,-1.419139255845992,2.226720060971042,-12.736665682201217,-1.0835541473530252,1.6541100092176908
155.68,-11.939847094667348,1.012369711277146,0.009658887899505,-12.469800085515798,-0.355786565995034,1.0366274675384919
155.68,-12.066338259010688,0.0590712946308264,0.3824495531147476,-12.305759099107826,-0.21407390227579104,0.7358088957239363
155.68,-12.482866372905772,-0.0845068956047365,1.5163345945927502,-12.338902487856695,-0.18540337572778748,1.0530207126408702
155.72,-12.827829119580755,0.1414173105064654,1.4869463491954478,-12.509108609885622,-0.08423263898260798,1.28063354369918
155.72,-12.097642438815408,0.0617477953398284,0.1632792436413668,-12.352791393817418,-0.018827848359821014,0.7920459455190958
155.72,,,,-12.36307639365911,-0.020648479726207692,0.7819660864186403
155.72,-13.78887431246813,-1.513357044354834,2.168015901131663,-13.029313077199571,-0.6836533271307671,1.459350286644286
155.76,-12.16029824812537,0.0279277465543212,0.2657790385353983,-12.670907796559737,-0.388063329173142,0.9225154578933727
155.76,-12.84778499054312,0.1402877733185017,1.493514907973106,-12.77469829904214,-0.19185713908554763,1.1460302819549493
155.76,-13.828193105520931,-1.5189348801779032,2.1709513627562886,-13.192654362884483,-0.7179884810287949,1.5249915341945526
155.8,-12.199128755128834,0.0212338712598188,0.4578954642507408,-12.771684300407165,-0.3657917425605993,1.120500133508465
155.8,-12.64832553705672,-0.0108427927312132,1.52028269657659,-12.710499573408125,-0.2252132984751377,1.281639082864945
155.8,-8.906261251122055,-0.0602587472464785,0.9121377028875164,-11.21117456218974,-0.14400350860859412,1.1341207962968225
155.8,-13.74332962890365,-1.4424450932120791,2.2274253688980408,-12.223389116774637,-0.7082594900777278,1.5911226645641812
155.84,-13.671626791228595,-1.3805340848120555,2.277638853932337,-12.814676592354143,-1.0031914533140156,1.8831386023358452
155.84,-12.482807649956971,-0.1419347962702738,1.55716949794575,-12.655915820665975,-0.659880590156662,1.7524823788467432
155.84,-12.219731294910888,0.0211544474344284,0.6216351136792608,-12.500251489892465,-0.3957605409594719,1.335442864986183
155.88,-12.35758681913319,-0.2395078192377502,1.5924670177812563,-12.449287391779674,-0.3375390183021968,1.4527115827430241
155.88,-12.232864975914884,0.0389616569688971,0.7612925015136357,-12.37408007095602,-0.19755229486589868,1.2054313886010881
155.88,-10.740746735703349,-1.6370148360695704,-0.0514257656459731,-11.764306740867871,-0.7249919405126474,0.708063117204983
155.88,,,,-11.764289547704935,-0.7334312911573637,0.7059888160064852
155.88,-13.621581633292898,-1.326921455383007,2.328467207368468,-12.632879182568761,-0.9928885275147508,1.448778112979538
155.92,-12.26381593083122,-0.3462651601890301,1.6591628745664266,-12.509292984749928,-0.7123799005314823,1.5058567194332129
155.92,-13.580799615717938,-1.2733800687329313,2.388322235614502,-12.973859780463977,-0.935007248121078,1.8653684717677324
155.96,,,,-13.024625566175908,-0.9103355870598208,1.8899265655990773
156.0,,,,-13.049752548355192,-0.9133305905994248,1.871877051116332
156.0,,,,-13.04948657046335,-0.9194101638477228,1.8689270701536254
156.04,,,,-13.077035911778687,-0.8970485539525958,1.8996237950221713
156.16,,,,-13.163378319496456,-0.9071655806492537,1.8735761441511625
156.2,-11.973151516262549,-0.4789817250033029,1.6893078889834163,-12.413102726362338,-0.505900167448192,1.6782987908933678
156.2,-10.270080940204204,-2.23717959303024,0.4276929294518919,-11.318934315210791,-1.2143893550142493,1.1091060165256776
156.24,,,,-11.374812721658518,-1.212161414948323,1.0232676038400288
156.24,-11.88052001864921,-0.5054538845327845,1.6843067171754844,-11.612139293227676,-0.8775330964929349,1.3200265757397787
156.28,-11.808337541265317,-0.5324501596937978,1.688529636079284,-11.694993636750448,-0.7114958384016055,1.4387181905376225
156.28,,,,-11.70384518270598,-0.7101206061410797,1.4447601836602868
156.28,-10.613364106092464,-1.6033358947870524,0.4194398801880352,-11.16426319924445,-1.119541113255893,0.9184190935194337
156.32,-11.73558123045457,-0.5442946272658701,1.6742978657449388,-11.433059660103593,-0.8522441438237701,1.2485239104557933
156.36,,,,-11.467254641706978,-0.8591408762425065,1.187796350783608
156.36,-11.679309709383274,-0.5677548006658119,1.6817496020006697,-11.544862344437606,-0.7054611399239266,1.4278260893203845
156.4,-11.60083470872005,-0.5908535996922563,1.6802232605159135,-11.57735202903243,-0.6679799383987001,1.5107820988895528
156.4,,,,-11.581961620287922,-0.6892850756360346,1.5219258452071986
156.44,-11.487946201596277,-0.6145965456328392,1.6657160742157828,-11.56431255612774,-0.6695290369063118,1.589227609767605
156.44,,,,-11.582434103872087,-0.6710892693582711,1.6183826177150429
156.44,,,,-11.599146981878521,-0.652064618622049,1.6001965141315415
156.48,,,,-11.63579758210862,-0.6761087857530738,1.591868152643476
156.48,-11.40472444959514,-0.6310390576663132,1.6539810464555844,-11.482763663783224,-0.6588342365289712,1.6074228683755487
156.52,,,,-11.504096432575903,-0.6378244612610533,1.638982754293169
156.52,,,,-11.504983819398367,-0.6439708707936488,1.6094376174159986
156.52,-11.684442077598597,0.0263227914515,1.2294985273989734,-11.617277702339317,-0.25679004708779046,1.3269855824862822
156.52,-12.87888464014572,-1.1568149704638555,2.4267918638300823,-12.1965777043347,-0.6868962000861166,1.8164711871639325
156.52,-11.316225052062045,-0.6576482315643115,1.654227113408127,-11.866114445338246,-0.6719299175853746,1.7226769488486533
156.56,-11.609186270440182,0.0674398562894026,1.2516052610133497,-11.778122255631303,-0.3648730065121241,1.5073364441547783
156.56,-11.218832123803818,-0.6762137260501653,1.639851410359494,-11.578859505914252,-0.4938438836660315,1.5722474366904906
156.56,,,,-11.569449810039094,-0.5120320898272277,1.5788145722997386
156.56,-10.346518207932505,-1.4352474711104113,0.6292515201802942,-10.976379681616127,-0.9596757950549779,1.120775323816558
156.56,,,,-10.941031829632163,-0.927066233566534,1.1288914701458406
156.56,-12.82704275070375,-1.1417048646120211,2.443382464988986,-11.870533441344092,-0.9984329286735288,1.7924359926783262
156.6,,,,-11.895802510765757,-0.9906206308010754,1.7596308334917978
156.6,-10.291415624518011,-1.3943652833834814,0.6699631000413352,-11.07495073925364,-1.1877271612989073,1.1444141046889438
156.6,-11.384322804929486,0.8486547039414636,1.0507296821049714,-11.18206142760572,-0.3088915383678033,1.0865375425427104
156.6,-11.532826741433023,0.0663594246343821,1.2661886169964134,-11.296464497060445,-0.16273669419365938,1.1680571011248702
156.6,-11.09094620224033,-0.7040219562152137,1.6263050557676415,-11.22730188499257,-0.369427631687492,1.3057695474901658
156.6,-12.751300846695733,-1.137317332334196,2.4384571635557144,-11.840095730865226,-0.7125804824068764,1.7174972442185636
156.64,-11.315333527105452,0.8259474286276033,1.0642266377910587,-11.636587347781115,-0.14912684798319378,1.4435795719228477
156.64,-10.914133309352538,-0.7385357685620179,1.6024344371526935,-11.384467464901526,-0.39158135470575894,1.5337058234779537
156.64,,,,-11.372563911847537,-0.3998086627871627,1.5143665985371715
156.64,-10.212724588980826,-1.3328859243373432,0.7108567692378117,-10.849326661336876,-0.8243673426784522,1.1907185394918673
156.68,-10.808429728528113,-0.7565458198200804,1.5844358394526648,-10.892180423913794,-0.8101235317525114,1.329312466763773
156.68,-10.16722323928274,-1.292798372543884,0.7318864336181803,-10.58860450063264,-0.9988875628519064,1.0944641942905706
156.68,,,,-10.570153004353575,-1.0037186312633393,1.1045484549861955
156.68,-11.239904794955226,0.7995162966018671,1.0723665898700043,-10.934068586731552,-0.09029676040542439,1.0521645191623679
156.72,,,,-10.962472015512784,-0.09037675882886709,0.9749308797995152
156.72,-10.70611883596348,-0.7696817826309884,1.560486921272844,-10.82041134511934,-0.42714561812203744,1.2805539691024785
156.72,-11.166203513167666,0.772481146437881,1.077637395477503,-10.97641313110586,0.054161185403488576,1.1961153251575136
156.76,-11.225502992405325,0.0671647428720566,1.270486492708138,-11.113090823176856,0.04142120677710244,1.2193022496776946
156.76,-12.467538436443094,-1.131990420171993,2.4024089437486915,-11.673457217897619,-0.4316941892070771,1.7175260033265778
156.76,,,,-11.694909523780893,-0.44325763069824636,1.7176888242016282
156.76,-10.61732817565883,-0.7872474349245369,1.5495367098291044,-11.12462686412786,-0.5710784281575938,1.614772120605092
156.76,-11.088368586024856,0.7337569066616927,1.0905083731785323,-11.108794947213523,0.012955465010870658,1.346774985442127
156.8,,,,-11.131798349636227,0.015590622212723504,1.3441514658890934
156.8,-9.995936601482454,-1.243692503639176,0.7565894126760955,-10.564576180188359,-0.6325109694185034,1.0152134445123544
156.8,-11.021022015519764,0.7134702204695214,1.0805824512157811,-10.75159367784601,-0.07995556195526128,1.0517080062847257
156.8,-11.160359505302328,0.0443597121008749,1.2607094466276685,-10.933891993209349,-0.03665065289171289,1.1670868859374852
156.8,-10.540065349104516,-0.7992961760548255,1.5351492623065373,-10.792790866286552,-0.2991988788089344,1.2988724235048184
156.8,-12.39266698718973,-1.1359302932394133,2.382742760052825,-11.396051275007988,-0.6115356305567351,1.6631180963662557
156.84,,,,-11.404408377190467,-0.6008808194485977,1.6101906909065913
156.84,-12.33710542686749,-1.1388916011721162,2.368492605150716,-11.86732671251386,-0.8225666061848074,1.9521312942188336
156.84,-11.069770422274145,0.0676959043079417,1.2260362888104035,-11.526606857011485,-0.4549272609965721,1.6952247026750642
156.84,-9.942858070863249,-1.2314281932602829,0.7477759688605866,-10.900418275495934,-0.7384818637931196,1.3140350784623789
156.84,-10.470013341018252,-0.8046479940939086,1.512847374541922,-10.736658366862441,-0.7522586439126285,1.3888743608885992
156.84,-10.94552082472397,0.6660406027645344,1.0600478638487858,-10.823438059076175,-0.18455790970610542,1.2423873472138578
156.88,-9.886090153412688,-1.2090152149237468,0.7345683232097873,-10.476151517624782,-0.5594290257223107,1.0487776153865644
156.88,-10.387970047966212,-0.8093891661422853,1.484479128634557,-10.426916368414366,-0.6592107111077987,1.2345247616025181
156.88,-12.25685660764222,-1.1430288812406344,2.347607447041775,-11.13172814533423,-0.8654715080668827,1.6688346860401682
156.88,-11.004773708498384,0.039048310492352,1.219501082977936,-11.055896362027566,-0.5273180805986709,1.5186622697617893
156.88,,,,-11.048965844929834,-0.5198263831439964,1.5204956039826805
156.88,-10.877204646223593,0.6418049036126978,1.0485734424723323,-10.95824134603128,0.04789642756151154,1.2615923619441436
156.92,-10.38063007335771,-0.8163850159730521,1.4923943871860377,-10.700012390999433,-0.30084222717130793,1.340758557372909
156.92,-12.18255354862736,-1.1523380908536618,2.3186455697015904,-11.327599441505205,-0.6384948708602078,1.781618246491067
156.92,,,,-11.316941672951836,-0.612587051610222,1.811821206493221
156.96,,,,-11.35913381289577,-0.5937042639044078,1.8289271963359326
156.96,-10.30268001190949,-0.8219990613770465,1.46747208117844,-10.785450209892703,-0.7174593316626234,1.616398403721371
156.96,-12.104221544248356,-1.1627180791810758,2.2873274167408155,-11.345773459904958,-0.8926821606929839,1.9342914072668014
156.96,-9.785105094829865,-1.2310723786543918,0.7117399735940365,-10.702025350324291,-1.068028132304933,1.446146045713473
156.96,-10.838265743375654,0.0075302967632852,1.1542645928905904,-10.771562563693415,-0.6221339129508943,1.3819361399524477
156.96,,,,-10.761308292724417,-0.6176050251125327,1.401811409101094
157.0,-12.012004468794713,-1.1698469138840062,2.2595080541437813,-11.32454709992175,-0.9052948357755689,1.8368504802997567
157.0,,,,-11.327933723991146,-0.8735964384299827,1.8160627131206484
157.0,,,,-11.357807510347625,-0.8798247510926551,1.8120109633664272
157.0,-9.690429473119709,-1.195248741099959,0.6879942628552512,-10.422795908591214,-1.0880879661282352,1.152042814244969
157.0,-10.167995390762554,-0.8276128419657257,1.417401692095294,-10.299021899661005,-0.9989413418142753,1.2668945907163758
157.0,-10.735385835666394,-0.0019124741643846,1.1160759078977167,-10.475371340662361,-0.6240844427937565,1.1950403614701444
157.04,,,,-10.473746115430064,-0.6315015213291766,1.2339920831957114
157.04,-10.539637642964918,0.389203523259143,0.9901566927147548,-10.512849960279121,-0.13609416487772605,1.1012436268808048
157.04,-10.62720698842252,0.0033897548824202,1.1016440838221435,-10.590846113640964,-0.05325382912431083,1.0883363933871069
157.04,,,,-10.552006616423547,-0.06425159130846848,1.0811008397353863
157.04,-10.110434666542425,-0.8327720853090647,1.4002278161836934,-10.350186209795586,-0.3988056251545946,1.243016297778223
157.04,-11.924056168964276,-1.1729259485439332,2.2398596141297133,-11.015351286124957,-0.7051797773161436,1.6813360403344657
157.08,,,,-11.036225214586862,-0.7066592771624634,1.7357170708467653
157.08,,,,-11.040352113608888,-0.7122792992433971,1.737008700803965
157.08,-11.804037695979131,-1.1803189375258003,2.2071668558529542,-11.483532069423639,-0.9912826434127139,1.9908592107407772
157.08,-10.531343623618737,-0.0409563108056578,1.1112549300522083,-11.08114838160044,-0.5946766151975841,1.6032008582689166
157.12,-10.343547644861603,0.2749510452322376,1.0894140782657056,-10.771025064350885,-0.2679456725004399,1.4098750987423454
157.12,-10.682504189160902,-0.3089474593979394,1.2654122546361202,-10.74464669515242,-0.2874576952338658,1.3674407553167516
157.12,-10.442635816156251,-0.0899527261360153,1.1586149559102497,-10.609123544766831,-0.21737679942439236,1.2744622449245036
157.12,-10.464794548996071,-0.3177304042058299,1.1646411515458732,-10.553268268721474,-0.24551968254009682,1.2033082780717586
157.12,-9.475850027368276,-1.2061389500083517,0.7418427437497238,-10.12495966234585,-0.6205290365065265,0.9979884925967138
157.16,-10.362664323552217,-0.1435462479231325,1.2204691904875895,-10.203944125940366,-0.3911415927142564,1.0832486259100422
157.16,-9.404626851745766,-1.2057843856349744,0.8116641836691759,-9.890246906600913,-0.7099013867552241,0.9991358151479459
157.16,,,,-9.908610886742967,-0.6934014869059204,0.9804861192619316
157.16,-10.356473286537112,-0.3554710905762653,1.219658822464342,-10.129929899947703,-0.5653506081882979,1.108075401055696
157.16,-10.25239703502251,0.2442861323129013,1.1598036181792393,-10.157895991293678,-0.22460032324990362,1.1465212771720956
157.16,-10.583084940610131,-0.3455690121931226,1.3149634233962926,-10.33799670538153,-0.26350466905865033,1.2177654862021987
157.2,,,,-10.356477327349419,-0.2680899429990681,1.2719034175665331
157.2,-10.458460119768745,-0.3685598972285264,1.407408482029689,-10.40163272023761,-0.29316064322882,1.3389133829606812
157.2,-10.245740941191478,-0.1720184947728316,1.3034216553552984,-10.345217221897402,-0.266873400455697,1.3151378326101173
157.24,-10.16810714091387,-0.3810158662096426,1.447135830346718,-10.296959675402487,-0.3515270958316,1.4076413038611744
157.24,-9.245807586252978,-1.1950936642048056,1.0533905298228712,-9.878210623809496,-0.6605049230226886,1.3114940817016951
157.24,-10.03959484242651,0.1382964433630215,1.4070904697982292,-9.929930742189647,-0.3486660961681227,1.3249291873653164
157.24,-10.149768710205366,-0.2115356412490327,1.442482343099204,-10.007125558206194,-0.2920674372715785,1.3318346193137491
157.24,-10.324127771611266,-0.3721684303327952,1.5100596428383253,-10.15755743982618,-0.3327523768667347,1.4048165406621975
157.28,-9.970835669765348,0.1078120985909776,1.5743766260483534,-10.08632765342615,-0.16999392109846784,1.511401321744806
157.28,-9.174110824267236,-1.1917219394265446,1.231444623663124,-9.73704075400901,-0.5535653282892256,1.3659241153525763
157.28,-10.238593971764749,-0.3914837367013877,1.6560973228018598,-9.946273680626446,-0.48108125596219575,1.4704116325930598
157.28,-10.075138045257914,-0.4003138868577133,1.6049988356491427,-10.008735856762293,-0.44946711634348896,1.5508697332369628
157.28,-10.087662231653976,-0.2503784625652924,1.600195506974107,-10.02352695027146,-0.33830692815558977,1.5894828969133468
157.32,-10.054683177715846,-0.2949516584789852,1.7906812251001714,-10.05422066340473,-0.3564794760378252,1.7571930036470829
157.32,-10.16872808216351,-0.3076894149331128,1.838617327034592,-10.121167729197607,-0.3590247119433722,1.7532374728657738
157.32,-9.14783402237966,-1.2024939456054908,1.4195107861084184,-9.780467857255385,-0.6924389944092368,1.6539678667405489
157.32,-10.051685516951864,-0.3071682493833185,1.778230849882974,-9.90412833604026,-0.5400617323209198,1.6869409085582703
157.36,-6.968691167168393,-0.3790312653655886,2.2622752557155,-8.818322782217184,-0.5144815582778545,1.9984689430984113
157.36,-9.858234162578754,0.0759588010415851,1.8982699947073527,-9.22628879158395,-0.303296900458302,1.9426148698101038
157.36,-9.104692353501626,-1.2272052598505134,1.5891768048392307,-9.192651806217787,-0.6775947874611912,1.8194765222953393
157.36,-10.15141812699403,-0.4441134426215232,2.005403381971193,-9.566364476292,-0.5818045446226264,1.863276203223011
157.36,-9.97049304794214,-0.280691161683138,1.9308450265165893,-9.730037386274574,-0.45652638802663037,1.9169901416721113
157.36,-9.991313245004577,-0.4542997693570913,1.9451965973600591,-9.83461180137188,-0.467911457327787,1.9497735127011002
157.4,-9.930957290613817,-0.4776088722341011,2.083485738149601,-9.888183399553862,-0.48132127107589284,2.090618698754082
157.4,-9.807686518822118,0.0510331946424882,2.0636037960151445,-9.839415609798008,-0.24614001063771773,2.0834916233647998
157.4,-10.080415164929905,-0.4677773128750367,2.1321439356614205,-9.935643801327645,-0.31656882446618817,2.1115980292746057
157.4,-9.06213561212565,-1.2318532407411076,1.7420112773191387,-9.594200405764838,-0.6898685621070727,1.9518073372590892
157.4,-9.933925924089143,-0.3344308917904331,2.083696638763004,-9.69792572405212,-0.545263878653144,2.012358437768327
157.44,-9.848366839501503,-0.3299424590660761,2.1884681289314933,-9.770116121471041,-0.43022935482118807,2.1458122302510967
157.44,-9.743329480427231,-0.0145172481668829,2.1829702410295804,-9.786049357152772,-0.26590035727865763,2.154769171559178
157.44,-9.06938087560241,-1.1844409333665296,1.9989673834952624,-9.511210520230708,-0.615583830013244,2.0513843483271
157.44,-10.69197041090986,-1.0442409597791569,2.548971931182501,-9.991140462461662,-0.7195425665296205,2.2446494242916124
157.44,-6.8486718853163975,-0.4183664163822279,2.504189251250277,-8.72241413181485,-0.6018827703655207,2.4214365066122676
157.44,-9.015625049710554,-1.237722888564487,1.882042841834661,-8.871183669562477,-0.8681512193750288,2.166604456952785
157.48,-10.630044466219294,-1.0416403784755306,2.6117076738127225,-9.563500390924867,-0.9627603417076254,2.3402671872376644
157.48,-8.981381551690436,-1.2412685300575297,2.0104716676446954,-9.319357715590447,-1.0776007309845,2.1940639090011596
157.48,-9.691999883618488,-0.0186250707309484,2.2913934692727467,-9.45517748244863,-0.6539644682777624,2.2162593946078317
157.48,-9.057388600814614,-1.1810010526796932,2.0901661390145083,-9.292764853230754,-0.8882704116368264,2.1583945388094774
157.48,-6.796586728560278,-0.4363988583309175,2.5783431876903187,-8.355779729792506,-0.696604096846771,2.3563438560467067
157.48,-9.801556713027583,-0.3520051609181781,2.307072262722057,-8.906830896588449,-0.5858059278311235,2.310935710699898
157.52,-9.646413217944357,-0.0453217482308859,2.3700418430100068,-9.222036840295624,-0.37344815520422336,2.4069533221885546
157.52,-6.7094597855944045,-0.4712348341993425,2.669857199306588,-8.246326750036605,-0.43827925477469787,2.550808982579849
157.52,-9.762036820087204,-0.3981290719305318,2.3857699374590378,-8.854639134253551,-0.41032441283442644,2.4884388559766477
157.52,-8.936263674636983,-1.2278838675196468,2.1072270708760312,-8.874630745082047,-0.7467578951147456,2.3151456245354196
157.52,-9.0166838899034,-1.1769115948838078,2.153096308346398,-8.920573675211266,-0.9189100580798034,2.2653893474592155
157.52,-10.552974025867613,-1.0452547485676356,2.640879621139132,-9.528848493586324,-0.9431420383839957,2.421202250246655
157.56,-6.722169290233407,-0.4689107923917925,2.728850108184704,-8.47607833217289,-0.671730588382786,2.5293516095001363
157.56,-9.015488800025576,-1.1662897996672352,2.2276185338158383,-8.748668765219499,-0.8283713014360611,2.39548309859591
157.56,-10.499794748763716,-1.0486496053063454,2.6859703274380924,-9.423568514737868,-0.8870758614111897,2.5156135310324497
157.56,-9.589880443166225,-0.0778462169434285,2.453243921864259,-9.4984577285855,-0.571269307751512,2.4883807177058945
157.56,-9.69842603253178,-0.4057657005799349,2.4653464204940936,-9.546113300778128,-0.48868606278275206,2.472019597309309
157.6,-9.530245627441063,-0.1242057334475386,2.5068476233203043,-9.554661292486001,-0.3452050487003735,2.504913058570498
157.6,-9.81520805909808,-0.5654556345225811,2.579995347318793,-9.662131284139235,-0.44205994318932795,2.530370442440904
157.6,-9.621886341173512,-0.4020907677664898,2.514393871865282,-9.633372382766005,-0.40812539358950106,2.5156769657578955
157.6,-6.673917681609804,-0.4897924928151911,2.7814949012353365,-8.447908209930484,-0.42984422809270617,2.626732056267209
157.6,-9.635442723446872,-0.5760375277888881,2.5490723079544417,-8.934907579050662,-0.4933480528878397,2.5882114596737984
157.64,-8.983377166711673,-1.1447159440421062,2.33524512830165,-9.004683139270723,-0.7674249315810477,2.4903601679962364
157.64,-8.808774276094349,-1.2303163992127069,2.346489209052628,-8.923100520319291,-0.9395738773194724,2.4309767884792275
157.64,-10.405492339470262,-1.059381662392463,2.7468874894240347,-9.512944236706048,-1.0465050669144134,2.574993714254296
157.64,-9.576178692006952,-0.4163694605272228,2.5600885671276346,-9.54153716501248,-0.7933319385736678,2.5458073641752526
157.64,,,,-9.519750662106935,-0.8027136157862937,2.569705789155577
157.68,-10.352359775129573,-1.0664525651424317,2.7605164711084007,-9.933864578849471,-0.9752646425901765,2.719139039176205
157.68,-8.76999735351319,-1.243562223812818,2.39021947220656,-9.436451191790809,-1.0954730193288282,2.5305320979181523
157.68,-9.48912600451196,-0.4063514114244812,2.580984241916323,-9.444077289731954,-0.8344060759708612,2.502025480813461
157.68,-8.986401445941258,-1.1348481344215091,2.375688592380358,-9.252257840647516,-0.9552357103220583,2.4486078312785304
157.68,-9.41979779561609,-0.1968970480114392,2.579406971367605,-9.329360809748632,-0.671488097618347,2.5129967097572954
157.68,-6.583284422530165,-0.5176028810534388,2.8439858688368984,-8.18489504289922,-0.6029268874644516,2.6315889421738086
157.72,-10.303560395297898,-1.072919800052945,2.7683468281767585,-9.042249300797629,-0.793334956642914,2.717214839515172
157.72,-8.979467889621473,-1.130245440896446,2.392404212893232,-9.026663851029483,-0.9519078679921702,2.6212876739399076
157.72,-9.45156781693464,-0.4301042865996141,2.604768727714537,-9.193247474410978,-0.7736947090462931,2.5953302997831305
157.72,-9.375614378209498,-0.1975010349709904,2.592786049806721,-9.279582309260883,-0.5508094873840021,2.5696490428440786
157.72,-6.507835628409409,-0.5431514742925713,2.8557301505059565,-8.143396415505961,-0.542096334180346,2.6678149034388436
157.76,-6.457759224496695,-0.5632343907115912,2.858397610175107,-7.52789588841142,-0.5238957800195725,2.7368983679788257
157.76,-8.71005421836169,-1.2703002328630226,2.4236152953528376,-7.944916024221871,-0.8708167960031827,2.609107676265154
157.76,-10.26322682473372,-1.0776876881979789,2.7665556578863417,-8.855624115226837,-0.9611961083118455,2.766081263948315
157.76,-9.325202783015971,-0.2325149550880049,2.593785569899798,-9.05234372095202,-0.6562911803102925,2.713294538213039
157.76,-8.971272003711668,-1.128135709547679,2.39936131503112,-9.020481894442431,-0.8567560306634716,2.5849212822715026
157.76,-9.386594058327711,-0.4206886352243935,2.59862678068009,-9.173330808573716,-0.6562679780001667,2.5918177500735786
157.8,-9.348293145124648,-0.4613714683588322,2.582733290091747,-9.250250258797065,-0.5912750327690575,2.573150138982149
157.8,-9.281664362854997,-0.2567750939269038,2.573564418999826,-9.24216147286544,-0.45307164475111306,2.5813720766922175
157.8,-8.939042702352548,-1.1292244389233357,2.3934933209672,-9.138526206136271,-0.7110291807549141,2.4877793911734702
157.8,-6.428132893675622,-0.5774519415433571,2.84361782064398,-8.169264137554979,-0.6836507902744701,2.6195238711384863
157.8,-10.187360042549358,-1.0844704494543458,2.7396990736993185,-9.003896830239272,-0.8060361558928124,2.7316781181559286
157.84,-6.420781101993192,-0.5857556501090894,2.812089473494828,-7.95187448797638,-0.7169046827805443,2.775584741839201
157.84,-10.131928068184244,-1.0897056360250184,2.722471330642317,-8.938325302962426,-0.8774942263079645,2.8035488503265573
157.84,-8.877526079205428,-1.134644471196422,2.370737413291518,-8.913766396547711,-0.9872318918082056,2.6514049860708284
157.84,-9.247979471247993,-0.2719057492388455,2.514869537148506,-9.032349083573807,-0.7014196399783855,2.622364542303596
157.84,-9.315934692309945,-0.4882545197108708,2.558546790572989,-9.146426559994474,-0.6270189409578165,2.6173541754091874
157.88,-8.569212576529115,-1.2645024987666995,2.366481137041501,-8.95467211105586,-0.9064363848586208,2.5341001688532625
157.88,-9.238834226467745,-0.4813254814377153,2.5146904276787203,-9.07314877499825,-0.7439192755104361,2.490910531514127
157.88,-6.351454587808787,-0.6133403612838028,2.771878356875316,-8.027942701554498,-0.6760209954152756,2.6359393422077164
157.88,-9.190726346780648,-0.3314675583776716,2.4983312732899536,-8.46929370919669,-0.5495940833890949,2.6148202989590192
157.88,-10.069787287034192,-1.0939433227830055,2.6868135364648023,-9.09356015579018,-0.7782604844662222,2.6395241721833065
157.88,-8.809668808879309,-1.1423673729330832,2.339460521489785,-8.97003499895985,-0.9434609254160375,2.499718869299341
157.92,-9.17329833441741,-0.7518308484048308,2.579713194586448,-9.094261630496742,-0.8994445129679302,2.541544763360229
157.92,-8.515705295840922,-1.2997623154944118,2.314841984427562,-8.835065173116035,-1.1001690805578728,2.4723070733806223
157.92,-9.453518567579671,-0.7365225966348328,2.622204123012758,-9.083441087539939,-0.9787957553217028,2.508756251351667
157.92,-6.150318172155561,-0.6558854321799934,2.7956049483911567,-8.08742415477107,-0.8474901921319193,2.628353656004502
157.96,-8.893524791450853,-0.8058104518860442,2.713039813118088,-8.386378603502804,-0.7788241857612005,2.6519078551462107
158.0,-5.322438937132208,-0.8476571082281193,3.073716928815029,-7.217858070580381,-0.8840807172615283,2.8301921046067555
158.0,-8.364827088131822,-0.9267916162796662,2.8468485676110475,-7.674618230518612,-0.9036341700814344,2.8456308472068668
158.04,-4.9147275865617335,-0.9357337147004728,3.197539570514242,-6.674416422053288,-0.907967669652993,2.9884466493229227
158.08,-7.479372367161333,-1.1024642085531686,3.089681748488314,-7.021997577381636,-0.9856541563770944,3.0244307047934327
158.08,-4.5623534355191175,-1.0227950827559824,3.314933956675232,-6.116422015672957,-0.980672737748537,3.152541512146766
158.12,-4.131552369932904,-1.1220948983767112,3.40467098599217,-5.389185167444255,-1.010544109034133,3.2609401390527304
158.12,-7.07228286121639,-1.1965106796758649,3.2210797792829484,-6.009379191723527,-1.0961497258844257,3.236178492588668
158.16,,,,-6.05040007798377,-1.071378728325812,3.25430766175606
158.16,-6.617041772452596,-1.2805012160048066,3.3198196790089747,-6.307945497487807,-1.2320674482846132,3.3053735613423156
158.2,-5.898631746560697,-1.8689252857080825,3.5489116289283364,-6.187929450319062,-1.5141827628362206,3.4423849071372534
158.2,-5.85041775744514,-1.6519126887867368,3.301219713829625,-6.042978004421413,-1.5304651408567613,3.3993276795506953
158.2,-6.208347938659858,-1.3645795110895371,3.3841235180388014,-6.142112919468273,-1.4396607504867545,3.3989805463023193
158.24,-5.433663736000618,-1.733814966621095,3.368534003077562,-5.883950004425969,-1.548126628933886,3.404890320600036
158.24,-5.787359098886267,-1.4500889994993649,3.437258124616858,-5.8349417503731935,-1.515579742793389,3.3928564090141045
158.24,-2.9474241820974165,-1.371874987065994,3.596204803345429,-4.594946858769173,-1.4601533650299805,3.4354535778744144
158.28,-5.412923619934401,-1.506408799281145,3.46871505912036,-4.924422240065436,-1.5057707393174034,3.4565360502826796
158.36,-4.230814984992734,-2.197667846054025,3.635438737394297,-4.732306196118068,-1.7605162245274097,3.5001644976399553
158.4,-3.825849774860073,-2.2398289076175004,3.614907279887063,-4.433714004216639,-1.9763038714659207,3.5201203385382973
158.4,-1.4884381127773183,-1.6814746850764084,3.644270045877702,-3.2867947351596647,-1.8323966260820326,3.5141963883952387
158.44,-1.1303686330360383,-1.765345472620875,3.6058832288033247,-2.572962258425148,-1.8231535691610798,3.5062473889652765
158.48,-0.7956197210917451,-1.8384333430572035,3.5681103155519027,-1.9303241111420175,-1.8455535363002433,3.5008948613374633
158.52,-0.5237303007139069,-1.904641947586447,3.485826717808441,-1.4304801865097294,-1.8499015239295542,3.453095569754182
158.56,-0.1304991141483023,-1.977294868473638,3.4057693911655424,-0.9658605676693981,-1.8928036430803903,3.364827834795797
158.68,0.7264714253607282,-2.1624516635738305,3.0760151155580977,-0.45433458985733594,-1.9580975359737758,3.095607777216608
158.72,-0.5212412916887678,-2.1540974655729395,2.720851393238742,-0.5322403212467809,-2.028167328569504,2.8586503553820055
158.76,1.272188918683193,-2.267979183290727,2.759101149551789,0.11261131897467037,-2.0715096415542162,2.7269741911207146
158.76,0.3619707807949644,-2.3451024997929024,2.601944856325119,0.19908762140078404,-2.163665366328766,2.6651259645901746
158.8,0.3909437670960346,-1.297778310297417,2.16709545516241,0.2500428018838434,-1.8231861073321667,2.378650063509418
158.8,1.60991717429829,-2.307668998917444,2.606317658470895,0.8152186575707364,-2.0055588940194204,2.4722341286421297
158.8,0.3051566961872995,-2.016532460044491,2.312463689366018,0.6193155521818946,-2.0160032757554145,2.397014366128619
158.8,1.1191363976358617,-2.165057853855686,2.31413584690688,0.7926619399649132,-2.083155402946868,2.331915517462432
158.8,-0.6022876282682703,-2.267140626890967,2.577141212483478,0.26399328153110474,-2.1483195812375713,2.3727459318570983
158.8,0.6791336769725662,-2.387547328743759,2.463672871098896,0.4808157511031372,-2.2673653919377306,2.417835472940866
158.84,,,,0.34658532520346313,-2.25840484371772,2.2898968725957194
158.84,,,,0.34187989577741984,-2.280089986284956,2.3169538181948175
158.84,-0.3647294824145653,-2.268818054885739,2.411895140241212,-0.04952604067062528,-2.2476426272827252,2.3890314293007324
158.88,-0.042217461521762,-2.2873139498862454,2.246295605542148,-0.1513386607343848,-2.273862922628524,2.2639294554133595
158.92,1.6824131834355316,-2.506402494201849,1.927907157249128,0.5263887928135533,-2.348636154373061,2.059474788474531
158.92,,,,0.5031330221025198,-2.3375042783250612,2.0549120171977915
158.92,1.513642943543135,-2.649635445868934,1.9704094986078,0.9745333896285291,-2.486767438498942,2.025382139246735
158.92,1.6695292481958446,-1.854320192922268,1.7470410053103504,1.2613293708920572,-2.2436470660261203,1.900411231105445
158.92,1.5683922989008496,-3.0704925817748614,1.8759918335725103,1.4099798932202892,-2.560987213331766,1.8876007424083145
158.96,2.005899342415072,-2.5391738170379434,1.7330082297864913,1.5547685466277559,-2.558726123825892,1.7715997582128276
158.96,0.5338999186543594,-2.31866038179332,1.88332293206986,1.1881144511036947,-2.4583289750614354,1.8127668823016365
158.96,2.309481610148054,-2.308501617672816,1.6217260525363226,1.656483155303454,-2.36784797319719,1.7496471628130934
158.96,2.7565150865842307,-2.4620492895088235,1.847052076803676,2.109144307853436,-2.4199809636670904,1.7484877728384933
158.96,2.06660864020829,-1.98752147374526,1.5811614078480112,2.089558064076876,-2.245166991219526,1.6594632306738093
158.96,1.946636845326496,-3.135364378043318,1.6199302363485248,2.046742564052633,-2.6259474495486606,1.6226088828001155
158.96,1.8769132428744573,-2.6579928090700697,1.7753763347343432,1.9658228624561982,-2.648288232730264,1.7109083454620837
159.0,2.375445927921574,-2.550799063930648,1.5171034243144963,2.0264601602209797,-2.608772078098263,1.5418274675597363
159.0,0.8618420346814968,-2.347405516480452,1.6950970492198891,1.557767175888331,-2.4921091071612302,1.5472876314574697
159.0,2.4592874011464114,-2.150996996631512,1.3815590705909078,1.9046191635681833,-2.3952930944442477,1.4892309741798502
159.0,2.557000223130576,-1.3705688355997911,1.0791314396938607,2.180759711205537,-1.991277050836005,1.3572650258018946
159.04,2.909406501330003,-2.3576704674878446,1.1714341394481935,2.427157466691552,-2.130497816364826,1.2272025455770537
159.04,1.1307719063115258,-2.352775369416703,1.5055708110495898,1.931506111559409,-2.224520876766783,1.3248025035817252
159.04,3.3486514491183854,-2.518569157225463,1.385458254499938,2.455685567456243,-2.3258351125156036,1.3408557791096025
159.04,2.690925618239984,-2.590605342358138,1.3008265867177626,2.5502632585572953,-2.4525453944870352,1.3563437424072897
159.04,3.058757165792279,-2.5675819973945107,1.2299969430435893,2.710861990355868,-2.5387852031741605,1.3276079874419795
159.08,3.029793412548893,-3.2498421448219013,0.9855704444356764,2.764084222880806,-2.798617725084296,1.111351955646223
159.08,2.946554125619538,-2.700062291161425,1.110319064192648,2.8288682572987884,-2.76699587197261,1.0888084837308503
159.08,3.0510847272286217,-2.6001577306294004,1.0514245302368077,2.930173131903271,-2.6977326080706563,1.075422099520818
159.08,1.404988146119047,-2.3640274508113293,1.331615779719615,2.391539726771707,-2.586035895576193,1.1653079405024287
159.08,3.5958221425722807,-2.5383140777333058,1.1113388077888746,2.870834229302504,-2.5479290937552395,1.1608902547979278
159.12,,,,2.779707781181334,-2.546080359687835,1.0189265709610862
159.16,3.475067800346612,-2.310166682144281,1.3144182790693155,3.0261445314230575,-2.4297896110932644,1.1286188632858738
159.16,3.333742071552803,-2.4056575874233066,1.2298605141308454,3.1231878358229603,-2.4002669121360714,1.1692372987992297
159.2,3.474474388961753,-2.167340770031628,1.5968217310710933,3.2121389556047313,-2.3070316217716336,1.2951357543432853
159.2,,,,3.209037967178576,-2.2942534728641237,1.3283781060028026
159.24,3.390551451321341,-2.003485626211249,1.782714713513491,3.29696379466327,-2.1537100925031187,1.51442679306009
159.24,3.475788989328101,-2.89838069273837,1.2969924424671515,3.3701891371166335,-2.4431738652580823,1.4346138837191638
159.24,3.297773593873752,-2.0855571098418704,1.7578458910016037,3.3354019466546836,-2.3053095457108017,1.5856266915719106
159.24,3.437064776307596,-1.9901101045533889,1.8065104574860664,3.3934282708423438,-2.186188132288743,1.6516459450207792
159.24,1.835816784588008,-1.9821210230713773,1.6914098509324855,2.7793172838144597,-2.0982204996602754,1.667687024873045
159.28,3.3817458333523307,-1.815818023945032,2.0189378115277363,2.99048616089342,-1.9763286110143172,1.7822754832784633
159.28,3.41766760951591,-1.7758865545779534,2.0367329703276464,3.169935554706609,-1.9045700409938,1.8741289889350077
159.28,3.671449858948879,-1.7974432696077447,2.1536156184244866,3.313658729962222,-1.873802000454573,1.9859476981201245
159.28,,,,3.3163442689141345,-1.8458026521954582,1.990604221115324
159.28,3.326492485766741,-1.6540090142577306,1.9840645855541128,3.3288261405160364,-1.7378399998419969,1.9918342241176399
159.32,3.4320563493493683,-1.647560617219335,2.240804231916157,3.3418682988051307,-1.6995560188418348,2.068424140034379
159.36,3.397962445863893,-1.472508295169538,2.440916140949545,3.3454496182761306,-1.6095736076557425,2.2099358675766525
159.36,3.308141351605251,-1.560322032502849,2.439357825315961,3.32867129086484,-1.5989700598254577,2.288330535475851
159.36,3.523483063862903,-2.531163575080649,1.971572640313,3.376229614523749,-1.9613621408137214,2.1863667992291766
159.36,3.688134950443635,0.2391488747261226,2.011942475476552,3.547162298466841,-1.0581888129421424,2.1001124491362946
159.36,3.384500917002866,-1.4136651064143853,2.464940414093208,3.4712815672829236,-1.174316348290488,2.233353095252342
159.36,,,,3.435731584942835,-1.1755044523747422,2.221640541437194
159.4,3.562345826634998,-1.26163887884095,2.7396833745943536,3.4365409872282426,-1.2532152899299571,2.470052506289382
159.4,3.46186002991217,-1.258840145111858,2.6381647594646056,3.4376217141059606,-1.2543424430332866,2.5484159516679536
159.4,3.270935090428504,-1.1339775969974644,2.5943820643084248,3.365377263333879,-1.2057056632826795,2.5108591213980187
159.4,1.1379970613345387,-1.2477870859788187,2.562494516130967,2.487589106403742,-1.2152293476662248,2.514142817275408
159.4,3.348510678050533,-1.2342213766479946,2.659874680236664,2.8379825380696078,-1.2458385125749891,2.613180829635733
159.4,3.638954419950911,0.3636595215739168,2.2329380404170127,3.1761965039795803,-0.5646386824960932,2.5079889650949205
159.44,3.6216423771843895,-1.1333791413090957,2.944671359072609,3.364619404595868,-0.7847519970552013,2.612622361750995
159.44,3.3000095077554654,-0.9960356694640624,2.760791297978084,3.374757981921892,-0.8768585333233263,2.6552530098693623
159.44,3.640692840453157,0.5437594104353259,2.403756217651268,3.438978654279076,-0.34541550162302503,2.585163761597253
159.44,3.3489262417296874,-1.053605546950742,2.826094765936844,3.389331597852426,-0.6312463148928892,2.6541929104224704
159.44,3.296816857769611,-1.2318128984279957,2.794595662403315,3.351530277869234,-0.8456099755662897,2.7300957206551457
159.44,3.416417448327957,-1.1284825964424057,2.811138737925989,3.3678346763299283,-0.9188877142200295,2.770932215552506
159.48,3.3151792970628184,-0.8989399566800516,2.980505644258048,3.3230283541535823,-0.9063079909271681,2.813018717817238
159.48,3.408074231332227,-0.9553235566127573,2.972539733165497,3.343883791273638,-0.9260013604783971,2.883783734470316
159.48,3.243951693566444,-0.8106131888816313,2.9012178550279235,3.2980029351241065,-0.8607935844406434,2.9146141908653433
159.48,3.569565583749534,-0.9564898813778254,3.0707034030096803,3.403789437260086,-0.8857303397706442,3.0199400669678265
159.48,3.6038119563173097,0.6886062857921955,2.568842877854745,3.476683651034286,-0.2558982410204171,2.8686020057986843
159.52,3.4720060749779247,-0.7708609596007789,3.109635834368806,3.4554536846750987,-0.4648146079818321,2.9597789859399146
159.52,3.605769358173752,0.8597391906689817,2.7131781630181995,3.503802149018346,0.048197478787688826,2.849151001263518
159.52,3.315992165328145,-0.7274138465230491,3.118466833987471,3.453679110638193,-0.25909005965610166,2.9412397511426076
159.56,3.2826027604827,-0.5569766587480289,3.2234103553562834,3.4187733298318816,-0.3543818153617377,3.048521913860082
159.56,3.558505380703213,1.0046890342377663,2.865119539794974,3.5080326450880404,0.17264633149258324,2.9651087466326898
159.56,3.57159040975616,-0.6202470887835775,3.3536508164394108,3.554047058018277,-0.13875549715021096,3.110152983260959
159.56,3.4792830774449084,-0.6029176000894794,3.211882306235803,3.5366139211517833,-0.3381942097265577,3.1849877046708532
159.56,3.2000523062184367,-0.4520094995546811,3.136277293732148,3.429632134947047,-0.3585929310693067,3.1510407255550543
159.6,3.2597126876517493,-0.3696903552897379,3.32865870719618,3.3500347645193598,-0.35682676635800487,3.210745730580259
159.6,3.5313833426382795,1.1470062166554629,2.97061442158376,3.4081199791711656,0.2079120867159951,3.1492311535521966
159.64,3.527749805833924,1.3217721423725697,3.0754363308772805,3.4772103741625293,0.6927765839812497,3.1365528605422934
159.64,3.250136806316621,-0.2132767795218023,3.440377643472505,3.3724878196395647,0.3639771744444024,3.2350192326688596
159.68,3.260331735586937,-0.0704678190254348,3.5219322684975256,3.3327176192200434,0.20700812343027744,3.3536639884048465
159.68,3.546254146205144,1.518260439044006,3.169119731335871,3.421554324310562,0.7097574296111764,3.2648614848745114
159.68,3.191965054643165,0.0118672129930927,3.423423564607978,3.3429586733373053,0.44534698841502474,3.3379707133675756
159.68,3.4892137227603173,-0.1240936744405124,3.622458726693139,3.3946550107109554,0.22763168147382237,3.4711414917480776
159.72,3.550987747145387,0.0406043068866291,3.7267882409702175,3.4509408064140312,0.18727756975447582,3.6017167423112006
159.72,3.161349423581481,0.2267704039444442,3.482416692582841,3.3181444050231836,0.21928721419747046,3.5504796518004538
159.72,3.233089191718788,0.1387480228183819,3.574396128952834,3.259479592734568,0.1897653114166989,3.534415508067064
159.72,3.500059919307347,1.6231573906988856,3.2499610863799946,3.3116803000425805,0.772523669234812,3.426051666167444
159.76,3.2204685607600267,0.2823814373128743,3.631089842087498,3.274876086903842,0.5629926733745018,3.4937108434762227
159.76,3.479649409614491,0.2112808016290409,3.7371209952038416,3.3472878200493135,0.43470437283164204,3.563832793549336
159.76,3.1492103331348105,0.368665433827505,3.526555468158273,3.27668460899891,0.39517662533588344,3.5604345069587975
159.76,3.5006694217956973,1.8327662519679533,3.2942024535885546,3.343839736156543,0.9513323463586549,3.4366955369782533
159.8,3.482507606506119,1.9624321408020349,3.333803338145254,3.4384979665051194,1.3578537362336534,3.319248092364002
159.8,3.165798587412161,0.5205818855435995,3.554169666735191,3.345189275139675,1.0062334667543023,3.4119918165917955
159.8,3.488843143105363,0.3693762146263186,3.7881097049404175,3.369940905577584,0.7512036237572829,3.569164975579177
159.8,3.212511403312332,0.4735420300655327,3.651797560666985,3.306566896559135,0.624802410217168,3.607815140589905
159.84,3.471411893788731,2.110321252908783,3.36295994231647,3.385694879845099,1.2206609084491429,3.460091909711222
159.84,3.197526785445628,0.6296023340657653,3.692424914624874,3.320727452758933,0.9783365993149463,3.548037243103306
159.84,3.145911115976842,0.6843265290507454,3.590484024121916,3.2160357648112567,0.8450930015984575,3.546896887446027
159.84,3.476780158539733,0.5243365737740314,3.811409629255313,3.3338051391964174,0.7124578322083921,3.6559017586319205
159.88,3.1511189834034807,0.8486198927727587,3.684902444548957,3.3013504750340883,0.8021345232555654,3.6280088672647377
159.88,3.1588466845308,0.8067944845282816,3.604384954518909,3.2272477033449234,0.8173242169162241,3.5999529379338586
159.88,3.4043224138392647,0.6907211891042524,3.817355424962611,3.315181562769111,0.7568523919040774,3.668613900837814
159.88,3.4052590018530307,2.211134328777377,3.3770513266469178,3.345446675499558,1.3377207275566307,3.5599501301381236
159.92,3.403958941198646,2.3731067066854976,3.3763138438401405,3.404579850998796,1.7208903848078827,3.447700235657239
159.92,3.391819404201915,0.8614128237295577,3.812718812579742,3.385543830555579,1.3762630468244186,3.5770895340841724
159.92,3.1474819323555185,1.0130727556422048,3.6774206966314105,3.3193625263895576,1.2408132770194644,3.636913181732628
159.92,3.1535532726338347,0.9713279680161288,3.588418822153568,3.2484752526654024,1.134475169833248,3.6324115589470622
159.96,3.1285955533820524,1.1243044603351182,3.5747280212172385,3.2233243944643815,1.1143533585129273,3.6066965945617873
159.96,3.365662141718143,1.00829106743387,3.786225011213544,3.2755805818520556,1.1130714206964738,3.6928853064108833
159.96,3.1394836075014934,1.1372987595655928,3.6607347369660177,3.238976250371222,1.1672600707488634,3.669696578427853
159.96,3.39590452832383,2.5139831831427,3.358399037386528,3.3148176238651845,1.6777755159554855,3.5531758851427644
160.0,3.393337283070643,2.6775623225462506,3.326218082956913,3.392118650603337,2.066907842132109,3.4716539615948223
160.0,3.1321320248652342,1.2985403083189488,3.630783710543024,3.2921814640826477,1.7609763197814468,3.5350566554238814
160.0,3.3284849917334074,1.1898219880586145,3.73912873117045,3.3050778967615946,1.5476941335090746,3.6077957064469466
160.0,3.112349895422996,1.2981199457344323,3.5387875261684623,3.2117609491266883,1.4678335688124526,3.582836908390734
160.04,3.117658965658696,1.44262409590098,3.505948925763606,3.1998774974892545,1.4568112847109984,3.5482382908254437
160.04,3.1068102515860048,1.494166774999059,3.58662485757128,3.1539001230103687,1.4834134822882852,3.5616398030952268
160.04,3.362544251823953,2.809080745776223,3.2758604387933565,3.2347994654579435,1.9629934710347072,3.4630536675651227
160.04,3.307087042895517,1.3480181525651391,3.7022314959026392,3.2852065930625804,1.7230900247718766,3.586213084495682
160.08,,,,3.354889162589311,1.7059858162295096,3.636261655620284
160.08,3.0806517711840904,1.6676975030021948,3.51158531581591,3.226691711557986,1.6546717174710797,3.566338782358246
160.08,3.320322779490821,2.929740432380605,3.2289658935677696,3.265483060656533,2.1640640641705393,3.3666236596385595
160.08,,,,3.2940071048206665,2.1684270355090245,3.379240806573543
160.12,3.1126670337948075,1.7417938146580645,3.4488789439659144,3.2391334778593186,1.9906386092526644,3.433757380574713
160.12,3.553490740851943,1.5725939188621536,3.56076673327571,3.361798940505972,1.7701873188181096,3.474331888169014
160.12,3.2168916261493927,1.67486578929709,3.52256265240143,3.315204377894162,1.7043820222792982,3.4915515210535966
160.12,3.09665576784428,1.733537648854929,3.35798189245947,3.245323972353334,1.7203676380082704,3.421019922116737
160.12,3.371176769287812,3.1204888347728885,3.15141289441961,3.30030583191506,2.2675680912625586,3.321341580457199
160.12,3.6242575344229047,1.6635695607731376,3.4805645415404447,3.4072876279249598,2.0254059278240626,3.3882849539226747
160.16,3.078984391430182,1.8923827704498184,3.2666778617774512,3.3384780996090027,1.9622455672063426,3.36474240233524
160.16,3.1866060073911,1.840046537994478,3.43517361085185,3.2857226600910296,1.9194353950468697,3.3782958813873245
160.16,3.645841797440295,1.819867632234761,3.409715599871192,3.405383556744573,1.8888078720107853,3.372297147483825
160.16,3.312251219308757,3.2093221650874284,3.039812039716177,3.3773080893142025,2.397215005855052,3.262494064091945
160.16,3.0738962351778083,1.9330760041801616,3.337821144493,3.2682152138293876,2.2159156376289344,3.286473878701549
160.2,3.75089569967778,1.9693912689835071,3.323553215727506,3.505387329224307,2.108825878365827,3.327764538527699
160.2,3.297350914718637,3.3522639191515533,2.941565955496238,3.429623762372564,2.60394951462179,3.178170617819251
160.2,3.583531298184456,1.841495440560156,3.369265289846715,3.51440545734711,2.293546147850763,3.2499308548585235
160.2,3.0908266645741485,2.029582265314359,3.1829084586059446,3.370150001008328,2.2174233359586397,3.2287849301270963
160.2,3.1479260802856657,2.005171404923096,3.337295168674125,3.3007262481258834,2.165686675774355,3.268765667488638
160.2,3.0619502574564468,2.111881773262988,3.241916603186685,3.2197890981479134,2.134747396775072,3.289978407598036
160.24,3.036556226151876,2.2825652324491563,3.1058949788097165,3.1870287927027543,2.1919230409063992,3.226983961152857
160.24,3.2692510014338234,3.4773067143240133,2.833271809408943,3.2260146678456616,2.677690559975254,3.0794246702436676
160.24,,,,3.2250736650002794,2.6825302129793003,3.0707560764907544
160.24,,,,3.221249667720805,2.6591120171081872,3.067368816546775
160.28,3.0170157319811337,2.409480060288441,2.994539153393924,3.1524505301988666,2.5304991947484305,3.020692204326437
160.28,,,,3.139641632636932,2.5430712598249787,3.054171476309135
160.28,,,,3.1246727924089135,2.5403999506215875,3.0581070220842665
160.28,3.252083736518689,3.616052437870524,2.691449468397731,3.1976036822294023,3.1494752471320475,2.8725337025024635
160.32,3.243928538372161,3.754134202853277,2.5552407013855896,3.3200707018457063,3.4302391983015337,2.7263148997987137
160.32,,,,3.305092855224807,3.434260061741234,2.7266157518046685
160.32,,,,3.2755315850488262,3.441968558377609,2.743373484757581
160.32,3.0141250893059657,2.548194210058724,2.830154909494904,3.1562247731523727,2.9812091354448045,2.8088259276477947
160.36,3.0278315058468714,2.605722176870088,2.6107214348734944,3.1916636208166267,2.839490662156464,2.718011274253329
160.36,3.236257391350877,3.881691593663801,2.375121857609575,3.2122441782027877,3.2746467458278756,2.554501458218994
160.36,3.005965087996724,2.682805028314784,2.673712363807493,3.1117341388012325,3.051085385953417,2.609492121581167
160.36,3.0136462911093047,2.6237200846778324,2.747627382948024,3.059381912067144,2.8586746719843386,2.6451660711937777
160.4,3.001299059425333,2.829203855690826,2.52712319335907,3.0890360812175426,2.8552586043376653,2.5604142601689595
160.4,0.9845186976996468,2.566522074103901,2.59052628874254,2.241134464642758,2.7692644823865096,2.561536516598445
160.4,3.023948177944616,3.734935090838791,2.127380844260065,2.5537853831607524,3.1368989916140904,2.4531383586811915
160.4,3.2307279334911003,4.034588617304294,2.2069874797833138,2.8313755283029796,3.507283439124211,2.3603258882341738
160.4,,,,2.8346424818358256,3.5211225639098718,2.3579425128985827
160.4,,,,2.840039008370052,3.5264150849172644,2.355537976022288
160.44,2.9821303380021007,3.020944799961174,2.3089975472235205,2.9871740006266374,3.260751980913922,2.2883979392304554
160.44,3.199970359875909,4.132803052628299,2.004251244281316,3.064659702563371,3.6317805709540014,2.1378113508364387
160.44,,,,3.085422901489008,3.64334623343379,2.131468671090157
160.44,1.1310036037909432,2.7241785081028294,2.4222138326685365,2.1214970322895432,3.171645604080888,2.2603997135012692
160.44,2.939841216692212,3.76615100092761,1.9768727145006424,2.5026221327018767,3.432598228326799,2.117816627642375
160.44,,,,2.5014150915642626,3.44574803854635,2.099289220900395
160.48,2.9053089680180664,3.881940172901851,1.8009777393062711,2.7632517473198797,3.6794393986993463,1.8924810925445656
160.48,2.948276998936395,3.1357860136851303,2.1135333668796603,2.8559624836332844,3.4423191151630546,1.9866600168011337
160.48,,,,2.8350090177249117,3.430814304005553,1.9890318509500344
160.48,,,,2.838903325576657,3.4266651240280437,1.9841437463170013
160.48,1.1412457144610335,2.8567646454740245,2.2321543363381084,1.9714677413496478,3.041838185367571,2.1522468091559155
160.48,3.1502353242852745,4.226660888306867,1.8238458413881573,2.4354527903415937,3.5413851697702006,1.9897396294425285
160.52,,,,2.54852199099541,3.5529263285259733,1.9212508548437048
160.52,1.138587562116762,2.9883207038011115,2.0387898957661124,1.8844399833863041,3.249057695933102,1.9880860502561712
160.52,2.9299609222109466,3.295482426863093,1.8955480178203228,2.3066215357147626,3.246010958598916,1.9869987561942815
160.52,,,,2.297255285947618,3.243239835086066,1.9856083773280575
160.56,2.9229860808261705,3.312672381877468,2.0352371038044814,2.7149721011676746,3.3021173013421103,1.9751308575819126
160.56,,,,2.737889245849222,3.292184265575649,1.9650634493935446
160.56,1.1245924237569471,3.084880810927209,1.9977793798753625,1.9315324983036135,3.244740669748141,1.9398936968744005
160.56,,,,1.9167966684747981,3.237146904107631,1.9400493272532255
160.56,3.289454114984199,4.430140970319506,1.527514000409985,2.572228402859973,3.89269748103914,1.7707099445101437
160.56,3.035023561425123,4.182141074018554,1.888136355103176,2.774358738804923,4.037852735687791,1.8545447308454486
160.6,3.02805534549474,4.167888565335797,2.309413862823806,3.03135741993216,4.105936334093207,2.0440166248208245
160.6,1.0578232368792777,3.021916923175708,2.3613745621730184,2.254589999963256,3.678094048068406,2.2016408635463476
160.6,3.2628055599683723,4.382162360850064,1.9355534029470576,2.642034362055185,4.017965586217519,2.091202021390762
160.64,3.020469636836569,3.1241199206829093,2.8127808596919044,2.8556951460005333,3.6753513998870058,2.363865154078303
160.64,1.0021699494878775,2.9681017800588725,2.713404336397043,2.1553457404362213,3.3932874885447823,2.4957595593000153
160.64,3.0420123675895017,4.1698682466631,2.660564998590502,2.509277704249438,3.7017400147663864,2.5712086598297166
160.64,2.9150910129875247,3.2023063999006136,2.9691065215418138,2.651145712713453,3.493407329297667,2.7301139375281904
160.64,2.918866977762934,3.326578751763508,2.786353990527547,2.7557978757653365,3.442799425186727,2.76721632508352
160.64,3.2414005590290547,4.3396237192382765,2.2929260816091057,2.9346424583646007,3.7786494311355354,2.562105311595684
160.68,3.0729084677451164,3.055680577900372,3.17131829365607,3.0717060579370856,3.5037703106306624,2.7641855333276095
160.68,3.2625321846274984,4.333111018183563,2.6310253276958324,3.1220774137062546,3.8301874068475072,2.7190302318540454
160.68,2.9105309070796395,3.172593301728041,3.2952768824044694,3.0376627381148684,3.585864904604033,2.9585774051598754
160.68,2.955583200379799,3.2884387181472987,3.148573460331232,3.0091622125925026,3.4766447646445613,3.0019493172794633
160.68,0.9448939954586816,2.9162360741103224,3.021258615155273,2.229646925110145,3.3158250323877057,3.0364444097433045
160.68,3.095068027590474,4.217126218448487,3.0229721104985527,2.5934719042389642,3.6735366179307216,3.0194875178164584
160.72,3.1037669710853044,3.005872784426429,3.486649099080664,2.848089479641151,3.438635544081905,3.2075846440533384
160.72,2.934728156232652,3.1276724120369623,3.622123282825304,2.8469087911263404,3.3030070466922807,3.353630252476003
160.72,3.123191045364293,4.2047327572340905,3.3371922796096687,2.9658977988694377,3.655563103606737,3.297154583432348
160.72,2.969727462649271,3.2726310678110098,3.480035210363341,2.941216328762332,3.5282450978083784,3.3785776439207766
160.72,0.885841624134296,2.864082538713717,3.333341401600475,2.1584740325292002,3.295063690283249,3.3609798300478166
160.72,3.28062416313123,4.311810535057725,2.9514438156458644,2.578605782559586,3.6881564908142126,3.2145047352212712
160.76,2.976481425561617,3.240344359835939,3.790225638673695,2.842115246742354,3.507933207352985,3.4793665760293377
160.76,0.8494545481356315,2.822971728725217,3.608451392314156,2.0605101943433795,3.222122406244754,3.5570414633894307
160.76,3.085367451287486,3.019101353021913,3.7863041550561127,2.453949156327276,3.1420723348547255,3.630227747636792
160.76,3.1295610041442146,4.173245155542538,3.671661875770112,2.7527294228721604,3.507141284240438,3.656010751657325
160.76,2.998734890220394,3.0863492490610054,3.953893240064623,2.822606809217831,3.3419642500762388,3.7577334887702296
160.76,3.31789175244541,4.31141527649052,3.261901502543469,3.029685813558316,3.709238720292469,3.5959289345861127
160.8,2.981243592923014,3.263422155744745,4.08387209388824,3.082952207243315,3.5243864879081803,3.844418888703834
160.8,3.145669259670498,4.191415052239623,3.970618792979229,3.0734707677176045,3.8227707841486684,3.9124424873261514
160.8,,,,3.104358823864031,3.8359709717405366,3.933674697758775
160.8,3.31095073239787,4.297969538644935,3.553547029964744,3.1959924595713116,4.072962801035402,3.7446548417944983
160.8,3.114899289205741,2.9922986398875544,4.065384244256067,3.1610915006028075,3.6292593984088444,3.8816939448025574
160.8,3.113989939690306,3.004219936234255,4.262738806302862,3.14215183708027,3.3827794644985274,4.040884345295415
160.84,3.1417475964192554,2.9736037961737667,4.567436688409428,3.234921919782797,3.237036765679729,4.303802123504608
160.84,3.126774426860428,2.970242222755305,4.3302477242530735,3.193203975945882,3.1339034651674886,4.329290925500443
160.84,3.1595340170520134,4.181075377354042,4.259071199089983,3.144949850228407,3.559218208936328,4.2759647759349315
160.84,2.988658621129832,3.2513372027742133,4.349365192957538,3.0884152477670663,3.423658763520982,4.321161469300312
160.88,3.144942649854201,2.92751834238216,4.573580593331734,3.180553539378158,3.241604536565936,4.483936602422587
160.88,3.1692032750377384,4.162318992434304,4.493845704572063,3.2053919371593858,3.5983953639446122,4.512381168928487
160.88,3.150189104464546,2.9388968272612703,4.80532047945713,3.183365695459186,3.33732930114855,4.609674072409057
160.88,2.9976014913537683,3.222253340203782,4.594629861555401,3.1104395423831783,3.285466125818289,4.606340755855133
160.92,3.2126866543633152,2.878685376930492,5.049051177212838,3.2716824011789187,3.1117430050926975,4.869718526546666
160.92,3.1902353348108097,4.124064358281182,4.743548208870209,3.2471322780957133,3.498402099151171,4.843995074442475
160.92,3.210517833552489,2.862253761631889,4.832292697736613,3.2149994012642478,3.2757432608428037,4.815137630776443
160.92,3.011605310316752,3.2539644667071146,4.868517265235,3.159895667154483,3.26397602132076,4.813273217363477
160.96,3.032220478296378,3.1744312834415886,5.0520787979243,3.21755757205504,3.195315090271566,4.921622445178313
160.96,3.2729272680423405,2.82501533568848,5.270014616803476,3.2324784651332186,3.0425428916228707,5.052246257754394
160.96,3.21834734187044,4.131989034483026,4.984512977187461,3.2385183166638196,3.473886674114177,5.022163913109606
160.96,3.186538936689224,2.8605792911734254,5.00077010027749,3.225856883173144,3.231094367815342,4.996746552396336
161.0,3.212540533893293,2.8187215441780205,5.208494379640472,3.30549923343786,3.084819036602697,5.113892869900046
161.0,3.288171761317411,2.7913900596065195,5.471134896095538,3.294881613606026,2.993990444859169,5.269588115617412
161.04,3.3556683938816487,2.731171892714288,5.674101991547795,3.365902950901141,2.8788739584779397,5.492019378091977
161.04,3.229272993140208,2.784240380427218,5.382949544074488,3.2999521050961955,2.814224778005761,5.428989342293755
161.04,3.040834720919492,3.158743149871236,5.443770101620092,3.226909434378888,2.952279646029461,5.4220160762327385
161.04,3.2303243846421896,4.105360241926606,5.373920430771148,3.219522167678682,3.4164093398236193,5.3797804357831875
161.08,3.263407454410431,4.134005126646621,5.554326149159327,3.2904850465947963,3.6918212485543522,5.488463225977809
161.08,3.056002466030137,3.13219437574362,5.637522940699159,3.2026712996588915,3.482641043524615,5.560134676228725
161.08,3.402818297092269,2.6841842665739293,5.850936245587206,3.2902701603323217,3.157459804494469,5.691341981078032
161.08,3.2438563133652183,2.756262037779502,5.561238494808281,3.2640016686669107,2.9925442280614303,5.657756750399449
161.12,3.396147459461292,2.658292700430165,5.998008710163205,3.3816700362791674,2.836422398186637,5.83008088819038
161.12,3.2770566185301853,2.696286525606852,5.655424133468253,3.3277231019652422,2.789184316343288,5.773368920303043
161.12,3.072995086401123,3.1069929879917777,5.743578457179168,3.2359550374834254,2.9105397055044673,5.757029657068877
161.16,3.289903838509047,4.085455197215565,5.875078728365349,3.3331735653419248,3.319573928512458,5.807059757953182
161.16,3.450431099604192,2.598100832103144,6.148671049683242,3.378562068943055,3.062121257662958,5.939409309443092
161.2,3.3011630119422684,4.063104194616964,5.990965383757031,3.4131352283869503,3.457630087001976,6.031800855974167
161.2,3.4849872634242085,2.5471284809645365,6.26558401343118,3.4408743845191925,3.148889420011396,6.136547357484085
161.24,3.532287536196346,2.496946191912573,6.375282474359572,3.544335156055437,2.912942711796112,6.3140002017425765
161.28,3.5919641897526207,2.4409805574240533,6.475670130584858,3.6146131529830026,2.7522695942563002,6.459308910150015
161.32,3.600697610677716,2.400731168242746,6.547510876422886,3.6726853030276128,2.6398730815243048,6.569255230364108
161.36,,,,3.792727182746771,2.6622990507270923,6.6882693413622345
161.36,3.6200168495331297,2.3621695611006515,6.612093445810727,3.6906368591163927,2.522033767870211,6.653433216107895
161.4,,,,3.788533590598784,2.4940375055568804,6.750280608011397
161.44,,,,3.8935187827618147,2.4864243132260473,6.860805345842529
161.44,3.389057122828916,3.884886678819912,6.419524012397818,3.686594635245984,3.277080231134578,6.53574993224962
161.48,3.3852115948730583,3.825194998910441,6.4739531837619735,3.672667926868879,3.528927865960119,6.545894728079587
161.48,,,,3.660525595106076,3.5027440780824164,6.541091547402474
161.52,,,,3.789310282820873,3.5335718026672795,6.638762094047736
161.56,3.74498806321596,2.1295323816617304,6.770686173661321,3.8403142436720636,2.801469226543746,6.764955862308665
161.6,,,,3.9571590888298327,2.799283265125258,6.843373680477711
161.64,3.4780401810849324,3.720942149375053,6.423617735970033,3.7344337069210085,3.289156033523586,6.647350646027402
161.64,,,,3.72482131268588,3.28379905511405,6.622376416276534
161.68,3.495403358693352,3.70841144348932,6.396271397676844,3.7058141719696214,3.4970004291537413,6.50674465666163
161.68,,,,3.717485460844465,3.537460996938833,6.490394322946653
161.72,,,,3.8375793046582087,3.535849069995483,6.548669310512602
161.72,3.498073635683157,3.645593780085508,6.33116388046838,3.6695706803824364,3.6209383025620854,6.455933920898448
161.76,3.7511504552342574,1.9411803746950305,6.54082280002788,3.79812900775646,2.881884851953173,6.518489074463381
161.76,3.51883997324667,3.610822382397826,6.263371707551385,3.7292525776514274,3.1649819098513507,6.429462410421601
161.8,3.719594913635385,1.9084273456358345,6.480012723284957,3.7954574715825076,2.628013633834502,6.488108985296296
161.8,3.5419954896413794,3.586669041479683,6.1842091587758405,3.7205198273425792,2.9535981293313505,6.376704160488481
161.84,3.716476145055332,1.873182098484756,6.38490664450278,3.7394098185192974,2.537042989011881,6.396343034063563
161.84,3.5411759794993123,3.5559476241105177,6.070516651512376,3.6675134339667417,2.9484457337556904,6.272664091953391
161.88,3.567241504709671,3.5117342540016785,5.94829335174964,3.703005131924742,3.1655728280831883,6.155995022276801
161.88,3.7533506850690825,1.822699688026579,6.277910387612952,3.729694114876013,2.6360503580910715,6.198366485746475
161.92,3.7197428934762993,1.7913108389005163,6.150527668442779,3.7641460427534197,2.3081622352309132,6.188640546872843
161.92,3.580200643012774,3.455670669807963,5.829930608441601,3.6864787826078165,2.752862378337954,6.050474646547889
161.96,3.585218428204603,3.4095323310988466,5.687957984974273,3.692775834976442,2.9834593307210984,5.89974719816487
161.96,3.3828412822404186,1.8987380964820824,5.676207260099373,3.561625054879461,2.554963511505454,5.820024321097588
161.96,3.724209394813709,1.7458869489024451,6.008651752291603,3.5762653948609393,2.2393193387636297,5.9330276582143995
161.96,3.293800256278259,2.10176827915678,5.822692832174349,3.4750634131761244,2.2018926334390767,5.888294751001729
162.0,3.6034929212074873,3.3676181944209413,5.520482861500222,3.6140654519115336,2.6652500883982126,5.716861457168941
162.0,3.4169282814558404,1.852160482665697,5.586834544518014,3.5124638558374817,2.365897433219676,5.682283179132473
162.0,3.3063183375995764,2.0892380007762896,5.726607557305727,3.4663113956631557,2.243722246690995,5.697927482469406
162.0,3.7210148361367534,1.721252490891773,5.864463830419081,3.579898884694674,2.044075611785426,5.754589229952149
162.04,3.4253382132244856,1.803875015235353,5.425308187662099,3.581553016575818,1.941214192940395,5.610643190497248
162.04,3.620799113634898,3.342706068073649,5.325239684782298,3.604373528327176,2.4677236027022027,5.463539959934484
162.04,3.705924296507397,1.6878073378777705,5.699598816913028,3.640111509659969,2.1508025800731088,5.536558825080767
162.04,3.314440143544767,2.040793151961666,5.561389100009281,3.519458302734799,2.0973185737873328,5.540964049292383
162.08,3.640968387194304,3.2953068045308744,5.152472670513985,3.608813751427913,2.5553163352347354,5.413078066379612
162.08,3.41780040202883,1.7566050884183062,5.25356354905154,3.566607119876606,2.254581571232008,5.378464285143708
162.08,3.332381566350777,1.94848779009512,5.385825152122929,3.467620690122841,2.1486812504877917,5.383749349537322
162.08,3.6659738082747655,1.6527458002387632,5.517051577810953,3.546651836551944,1.9441212560741419,5.4774782384088745
162.12,3.641261698132221,1.6143524346026803,5.3185962701119,3.6128342519275445,1.82460691848017,5.424393530997293
162.12,3.6641294199055,3.2555671287934813,4.949682342996344,3.6349637650465048,2.3525870567098788,5.244454353393221
162.12,3.427553360584464,1.6995617377744614,5.07253346793082,3.544498340269206,2.1381366895481433,5.156093494249438
162.12,3.3499418271536983,1.8768504554216785,5.202189171442383,3.4514622084382474,2.0339110210991813,5.164245601391717
162.16,3.431171814206307,1.6580403179659824,4.86675900323213,3.4670886046945535,1.9014374661186868,5.03245697953739
162.16,3.68162084439957,3.200174359745425,4.715049148546171,3.562614013177185,2.4209560762583022,4.914936570844224
162.16,3.651196008342639,1.5707728357090904,5.118413374650261,3.5827065738585735,2.092561008321623,4.979282962207175
162.16,3.363693628467774,1.816790229358842,4.99297422946675,3.4974159617889353,1.962709621506288,4.9931428698728615
162.2,3.430994992631643,1.6286241730402151,4.655143843443051,3.518156831264843,1.8176437019538287,4.798366677638179
162.2,3.688654666755086,3.15726235572292,4.485659312112567,3.587262619949083,2.3363582622450196,4.714011518516273
162.2,3.366886044098775,1.7822715208372408,4.78269301744288,3.509550946645609,2.1432734319002273,4.735068849950646
162.2,3.625919069268343,1.5532293923045095,4.889139547057427,3.542740312981995,1.9354064285754913,4.789532244074845
162.24,3.7053661553420927,3.1126001578784708,4.241963348460382,3.6612425170588105,2.394958118098863,4.501123175050124
162.24,3.381143690858527,1.7178699477531918,4.5539269092297765,3.5490219166963457,2.1038624638758052,4.490314528408405
162.24,3.611087106198168,1.5036506198559418,4.655377816404296,3.5770469690290887,1.89251748785624,4.552442692323488
162.24,3.445943571885308,1.5637370303806046,4.432043605958915,3.5219496169147972,1.803931462873509,4.508301486923365
162.28,3.696277215199945,3.0529474805923065,4.016984192128425,3.6597073687819464,2.273782413623316,4.26886741441575
162.28,3.461598568314589,1.5109920868937483,4.205853015941123,3.5710475881492862,1.9719877883395496,4.27966960847958
162.28,3.576063183040291,1.4817746668366132,4.403365041202938,3.5694107655735428,1.7594855492334929,4.3233540852978045
162.28,3.385754497702795,1.6823844555244931,4.32253238494375,3.5017060861278613,1.7333129469231952,4.292974485063125
162.32,3.7245598382728367,3.0153674829320662,3.68575568510247,3.6733901111883682,2.266470012909386,3.9975414512130145
162.32,3.394750366494625,1.609028190925831,4.062968971804484,3.557751666122483,2.0388562963308074,3.9776609820822704
162.32,3.543127087345066,1.4682625395096356,4.119741508903479,3.5362287936641232,1.832850387339105,4.014214081438793
162.32,3.4479148403330986,1.4807007782101351,3.943541976812029,3.481685819632561,1.692297694752888,3.969300366093027
162.36,3.4989233445541523,1.4338070489478008,3.837902417379877,3.511261047335892,1.5959213334652045,3.8450438586740727
162.36,3.396472033599792,1.5567973830406658,3.778568890018681,3.4453431412324895,1.5878701353603757,3.817669752917373
162.36,3.455029527707353,1.4177163968437478,3.664056697299208,3.453386162271697,1.5231925769586905,3.756470206704797
162.4,3.470210795591792,1.4188325056940196,3.525854001280732,3.4849727184740478,1.472989634957563,3.603729655173634
162.4,3.444106640796276,1.436746590663899,3.504469915809993,3.460140953166009,1.475496052542444,3.54559543803332
162.4,3.433986203802399,1.4181049882640135,3.390812809111426,3.429399532121935,1.4459485060676174,3.490041676145276
162.4,3.783678106842238,2.971979340583422,3.096442332724022,3.5508822014734727,2.0782743684940814,3.3215492133635807
162.44,3.4321833903644725,1.4131022269250189,3.209989544327439,3.541540259920871,1.8063160548476358,3.2126702839308487
162.44,3.769352245615576,2.927869013209829,2.7860203205241336,3.6044205656414188,2.2581547185265007,3.0174273001062484
162.44,3.733294352106373,1.3873273565834747,3.242295661778388,3.6899266421207177,1.9030550409179896,3.0807226723401775
162.44,3.397461620935156,1.399597474024633,3.2135200614850823,3.571501668499313,1.6883473714855568,3.1301573581177395
162.44,3.444052753486628,1.3559335407288438,3.109267237518206,3.566600790836439,1.5301222330686037,3.1818606451147367
162.44,3.8537256017940025,1.3837630238489218,3.3804981774922984,3.6841597698589355,1.451850713871197,3.257623645116176
162.48,3.759075257999245,2.8609966621494256,2.450268047039996,3.7723763519005233,2.023890108678891,2.877297679477663
162.48,3.829903539842488,1.367828915715661,3.067164705696985,3.7971668196595663,1.8032450149043648,2.957872468842098
162.48,3.426140270617996,1.373588597591829,2.8991553895913005,3.667222814725727,1.652537952984091,2.9448931161652667
162.48,3.6869472743831735,1.3539891269680666,2.942697817862765,3.67277360065723,1.5334797971898053,2.9459277138318094
162.48,3.4163720849686547,1.3605379526121144,2.9124162125687376,3.561403003979142,1.460542133483339,2.935815073903543
162.48,3.428717484017064,1.3341331953869249,2.798243545589233,3.5421882957720108,1.4187855482367757,2.873396412158479
162.52,3.72714233342069,1.3607623277307517,2.765059781776907,3.64997376061892,1.4176866220506992,2.7672719620025847
162.52,3.7972246690429183,1.360491543838567,2.7925701832751826,3.7113080307642274,1.4107143721200444,2.7781933528058893
162.56,3.323461682482128,1.3157823669216062,2.8373235130083234,3.581455765953159,1.3468998493908357,2.717845134787793
162.56,3.3869879851725884,1.3090691849895912,2.870361790112459,3.536407315014793,1.3409335476073798,2.768731294689829
162.6,2.928509026809407,1.2540508534387242,2.90070348289402,3.3308265688235,1.2823432019641863,2.7547875909319863
162.6,2.9500987610524345,1.3056676951749877,2.86824470805162,3.1468743537385913,1.3096559644217411,2.810689398881668
162.64,,,,3.1873284381683757,1.286368649229366,2.7205369372157047
162.64,2.497890714114732,1.1924462900033328,2.942956035368076,2.8853450920625607,1.256176271691369,2.8074576132320543
162.64,2.622657469185828,1.2902639441447046,2.9249530405258257,2.7386948691055717,1.2538032590920503,2.853262933666786
162.64,1.932839657241925,1.3032720035709644,2.954691338191598,2.3967059973469023,1.2621743578246598,2.870650974029278
162.68,2.303524758445277,1.2962415738977344,2.95737477777699,2.3969863047148947,1.2801331450146585,2.8654422930689636
162.72,,,,2.453724316929936,1.2564789264897707,2.7746333212728542
162.72,2.045858813924378,1.2438199616742691,2.974301798616976,2.2581405310408567,1.270523916508468,2.846866048434787
162.72,,,,2.2711170811939216,1.2695249835987175,2.8624879767286853
162.76,0.7334912120385022,1.7927187110533902,2.791067010434224,1.5443263838804986,1.4989681114649054,2.7379674834135352
162.76,0.7974229098846701,2.1997286444708024,2.77736902930824,1.2131693594692377,1.8315164828212396,2.7589277678930118
162.84,-0.0197362103871358,1.9976881224182947,2.5590810982527747,0.8182321271392502,1.9150812303805094,2.600167121357592
162.84,,,,0.8451622849270833,1.908679529364728,2.60322118017619
162.88,-1.7585399995954551,1.1149935117616057,2.859664614751947,-0.3566453062487209,1.5485029670817116,2.680518803632886
162.88,-0.4909571410649909,1.8390038537157023,2.5613138586178543,-0.3787412953321881,1.6704080930270622,2.631901589076651
162.92,-0.962517176655031,1.7077611182194026,2.528816119487732,-0.5726192528303614,1.674812721387149,2.5473779226803184
162.92,-1.9735901680102683,1.1238244995667104,2.7864428687530785,-1.1731130938506371,1.4291572382530484,2.6664005876433974
162.96,-2.286554697346536,1.1222915129778523,2.713297375154481,-1.6135269584674576,1.3260546702163651,2.588699103252303
162.96,-1.3295558557562186,1.683292816183985,2.451897980402224,-1.5059968107675545,1.4802376667004764,2.4922111081317397
163.0,-2.57618896088684,1.1010310272153545,2.6195598008037897,-1.8585771271699538,1.3327915626865843,2.461528196886784
163.04,,,,-1.802964253775545,1.3494983166042809,2.3440211897269787
163.08,-3.178772146008684,1.074954442628015,2.3960067650833565,-2.4325532576246403,1.2064614589344833,2.305736406316748
163.12,-3.4698815437534547,1.061679245029457,2.2504827522966204,-2.8315714219026384,1.1538083171203806,2.191444401450012
163.12,-3.5994416211927924,1.0527100680387809,2.315125178632843,-3.139147602192168,1.0973520957191052,2.25319997221354
163.16,-2.5753898068895857,1.018979362616095,2.0604395060811744,-2.8854496745025107,1.024694688396906,2.126550526885393
163.16,,,,-2.8823688570207495,1.015172715544214,2.1006248380892107
163.16,-3.4859133886858307,0.8661137836881742,2.1111166342397936,-3.1750573199820296,0.8927949797757033,2.060686580216281
163.16,,,,-3.1708872719753596,0.8953057655113525,2.0581682534721057
163.2,-3.8362837472344378,0.8639098853888064,1.9426714280024708,-3.467533543408439,0.8880468704241244,1.903754019854235
163.24,-4.080040263412703,1.189009023896501,1.566643607031762,-3.6838727729943477,1.0115625129509307,1.6641689141594989
163.24,-4.383733357814438,0.9956751216083948,1.7080006861257084,-3.950779147888195,1.0031500999299778,1.6796399198019623
163.24,,,,-3.9405189652468797,1.0241504186712238,1.6522785991746805
163.24,-4.379700331238849,1.0000563383044538,1.7564120155815877,-4.131057762750056,1.0253841740455545,1.70851151062322
163.28,-4.404780846063465,1.174502880152956,1.3674138580936517,-4.264904091054537,1.1161903481817452,1.4876950658638082
163.28,-4.706557113618405,0.9845473878829728,1.501147276115283,-4.4076190877789,1.068096001354981,1.522830838765507
163.32,-5.009751996173823,0.967064843082096,1.3124732403700092,-4.620868578333348,1.0318230819166536,1.3357349167266126
163.32,-4.824076714508537,0.8731889529057013,1.3262066117433011,-4.718938935225835,0.9510177879630934,1.3470210498592499
163.32,-4.738618661928544,1.133436312213722,1.146462972002129,-4.74623535371822,1.0238636933992793,1.259311290867832
163.32,-5.045413696287793,0.94545371874201,1.2897711211519858,-4.8578839770815305,0.972017632186222,1.2789157751260132
163.36,-5.1200231055039085,0.8594497761003056,1.1040100190696438,-4.9541000825145085,0.9502949750655894,1.0604751555257337
163.4,-5.899098136629988,0.7478177267864685,1.007021468695045,-5.260633656177382,0.8194267052077566,0.9373121684178037
163.44,-5.8612460455555215,0.5072066666077424,1.2536053299318597,-5.494132025824639,0.6825085675421815,0.9708608494267574
163.44,-4.819267052648801,1.2177840676625329,0.9069185586720424,-5.240015247959226,0.8711328367188257,0.9610610591799601
163.48,-5.072918540771876,0.2552754355987514,1.3109688545782592,-5.178237208833402,0.6128027991570454,0.9894741681314919
163.48,-5.2324709597830825,0.3058359843060547,1.3124999987192945,-5.225076442120955,0.516992380770462,1.0937566291839778
163.48,-5.190348908252526,-0.1488909922697618,1.6580873214171716,-5.18674445412658,0.23177584792261696,1.2867963469662063
163.48,-4.5757258150958,1.0732492357514345,1.1580702748799183,-4.927321006811797,0.582075287644797,1.240448979278716
163.48,-5.874468892852083,0.2143847202564386,1.5706862210218584,-5.292754046537141,0.43791499823331603,1.4094480824544802
163.52,-4.4839354679275445,0.8155149144658773,1.4359677205535106,-4.972896682955697,0.5743105852340843,1.3246707766085153
163.52,-5.100153771582152,-0.3880488322591288,1.934826959072356,-5.067369604858317,0.21465964680878188,1.5788178640030057
163.52,-5.118023568221074,0.0395269930500907,1.5712826867227034,-5.090932150435259,0.14422986828933493,1.5918172776935435
163.56,-4.983948123448397,-0.2325966058676824,1.8615819748349685,-5.045472486782795,-0.005771795729196042,1.6355756515380873
163.56,-4.890708293849174,-0.245962308873789,1.8732883159720808,-4.988397135837206,-0.0799416365242259,1.7371184566898068
163.56,-5.725121633539208,-0.2799200656489586,2.0445787516629106,-5.305626389401161,-0.1272202266654017,1.867988432085872
163.6,,,,-5.329298563876572,-0.12253406762712286,1.736144812488531
163.6,-7.889177252141584,1.419245950084697,2.8092362509512947,-6.456799621555411,0.6217552337487215,2.2260611618147115
163.6,-4.8749473041015,-0.4752843208985118,2.12824633299138,-5.808150618651628,0.14191527868688092,2.25586204425891
163.64,-4.737375447257642,-0.7430828927675203,2.3687052305582847,-5.342316538768815,-0.21983239695377046,2.243723681354767
163.64,-4.081111623399727,0.1782061990587661,2.172868581529308,-4.86201498347528,-0.04711482903255191,2.1605505385529633
163.64,-5.657064517911897,-0.7492266098571847,2.585805197122813,-5.162318633815896,-0.3162906583515155,2.326198116410697
163.64,-4.634429603039692,-0.7597828584914523,2.364492204931254,-4.935449681338504,-0.49234963250350483,2.3248979832701266
163.64,-4.776034928762157,-1.0668047777153442,2.6575820929386933,-4.887011009275424,-0.703457132310909,2.4742244440385543
163.68,-5.548973424804657,-0.9527146261442176,2.769022184568892,-5.176208095124819,-0.7916271250111192,2.549285852817251
163.68,-4.631967760112015,-0.9681354621889134,2.6114484919624146,-4.986679033104335,-0.8667695453367026,2.5709977387247855
163.68,-3.9984033979700753,-0.0701023043625676,2.3895387664077767,-4.580119412047591,-0.6015056803660056,2.520184168272475
163.68,-4.676631530709969,-1.2725339173625152,2.87822586080589,-4.5931284460917405,-0.8668924335084202,2.631925949098895
163.68,-2.8281095490140475,-0.9556472148350866,2.8899557768716724,-3.8914032063169475,-0.8574108403948322,2.7037199330376165
163.68,-4.6223922047327015,-1.0269325608942272,2.6091561500288063,-4.186679526386936,-0.9134357036168477,2.649169711284475
163.72,-4.574228237739075,-1.5686303030923825,3.081968248616136,-4.383608544779745,-1.1679486632393896,2.742378479759116
163.76,-4.398709808302574,-1.4571425970175371,2.9821517420604,-4.429498328100799,-1.2628257998304213,2.7851303683766897
163.8,-4.389700354202341,-1.9957345827152109,3.415913035771797,-4.478182435102903,-1.5364961820582324,2.959624748917891
163.8,-2.277975006110744,-1.6021002770681192,3.440207523051231,-3.5471750443916905,-1.580494995527777,3.122201847983988
163.8,-4.21672118793331,-1.7437576619478805,3.134387981889533,-3.788282587817478,-1.644439596177579,3.1611134596934787
163.84,-4.302002132314812,-2.268761920985112,3.5695681634298104,-4.029825235885443,-1.9046929964080148,3.3088950542969835
163.88,-4.20927905157447,-2.419158132163347,3.710296314706188,-4.1693712151578,-2.1157115492248044,3.428533142464638
163.88,-1.8506629814418856,-2.048655513048043,3.727277156198617,-3.2737741535032554,-2.055238812858466,3.566282761779827
163.92,-1.6066478249817435,-2.267893189067212,3.88116583418351,-2.687245636107702,-2.1175754656924988,3.671310291225532
163.92,-4.103623783284669,-2.6318467354285846,3.817762969823527,-3.231930145265382,-2.3204620516255523,3.74148100857391
163.96,-4.013172902142866,-2.852423355729388,3.932659800656096,-3.5455495387571196,-2.5522873521126535,3.8415793663613744
163.96,,,,-3.536346324680826,-2.539120835215217,3.848200154579024
164.0,,,,-3.62813158468746,-2.5571136743054317,3.8599693022876687
164.0,-3.9277131274927455,-3.083626398701284,4.027523067125394,-3.7679401171107045,-2.8852226762564785,3.9458493728330186
164.04,-3.849678755747163,-3.300152051651074,4.101676377910086,-3.862503335994456,-3.075382941215273,4.001776755047226
164.04,,,,-3.873285325551025,-3.074255596630844,4.005094212482054
164.08,,,,-4.005896195170176,-3.1147510622055607,4.024060555816189
164.08,-3.7776419331761977,-3.540623993318066,4.172225928722724,-3.896065883551923,-3.338088626981252,4.130510669977528
164.12,-3.681010869261867,-3.7235734981380815,4.201643514261291,-3.901160513918379,-3.5173928416988334,4.18913861840166
164.12,-0.8071831518749384,-3.2335047392407192,4.248085483715654,-2.657435565654283,-3.4156849533324865,4.195624878469332
164.16,-0.6418157907493535,-3.420037964635714,4.278041301682636,-1.9393127958293024,-3.4070044002396624,4.208512100122195
164.16,-3.594175217276636,-3.913737879513473,4.226061880002256,-2.585064426677218,-3.6415328290289035,4.219475566450694
164.2,-3.5177834662550387,-4.104040227296488,4.2444866750682015,-3.0094012064535502,-3.849509185875479,4.238175959928417
164.2,-0.5177786095722374,-3.59902409022404,4.293809250399658,-1.9804830033803937,-3.7494764356311547,4.261621471984927
164.24,-0.4136373730017414,-3.7840795815172976,4.282757294792046,-1.41497085426023,-3.7270561012900347,4.266871445369901
164.24,-3.428368089712705,-4.331531129325325,4.256410770829065,-2.1975346276840373,-3.919752419173219,4.305468010030977
164.28,-3.353879087406865,-4.517029953752734,4.237455822951346,-2.7534490628239654,-4.146815672315358,4.28861391799624
164.28,-0.2463599194191205,-3.9657242712562097,4.294280063626756,-1.7802603436479485,-4.12704064688214,4.288436034469188
164.32,-0.0900077589684731,-4.155516968515649,4.29193701913743,-1.2000413136173371,-4.163899964777569,4.2801625025003815
164.32,-3.252883694353349,-4.722051423510921,4.22145667450835,-2.033189697550638,-4.365845133674551,4.247583959699126
164.36,-3.1510851239940725,-4.900501945301159,4.172085971205632,-2.6025352141909015,-4.585724474062064,4.268610648316501
164.4,-3.0967070413080933,-5.108985679384278,4.120801749783542,-2.9131555910614138,-4.774703963166214,4.227823981946611
164.4,0.1904318151752716,-4.500604226751621,4.230363947841689,-1.700785711062239,-4.536481717536332,4.152717423044725
164.44,-3.0397218681211897,-5.309838961977513,4.042882664791153,-2.3253231682080444,-4.8416445667330645,4.130736749680953
164.48,0.3638286352479731,-4.83104708010234,4.081536343410199,-1.444019438340073,-4.8286067601254405,4.17122919863615
164.48,-2.944780675079024,-5.504713865388893,3.963347638165193,-2.0095324654338436,-5.082330247722794,4.079624488003762
164.52,-2.8650959283262147,-5.686920792122576,3.864571106904082,-2.448710985557656,-5.340907513025876,4.018989394835239
164.52,0.5172474401263705,-5.011577618834461,4.026538048503809,-1.305298497298585,-5.16203410829162,3.9782048166430477
164.56,0.5235008918436354,-5.157357939422897,3.934224069500528,-0.759097259090406,-5.167499173577211,3.91345080877835
164.6,,,,-0.9675491771077576,-5.171486811692477,3.957402210824776
164.64,,,,-1.1410011399595372,-5.203922069740323,3.991370984702736
164.68,,,,-1.3239706778663105,-5.187436822615097,4.011927401514983
164.72,,,,-1.5296643696622885,-5.184780190897359,4.0303724187262215
164.84,,,,-2.1331718211469175,-5.144245586839492,4.11900695556788
164.88,-1.5147030629866107,-7.7336853965013725,2.467408454334401,-1.8439226875649508,-6.782204095080869,2.9635502433791485
164.88,,,,-1.8222427103166048,-6.755149283667746,2.9810851355402375
164.92,,,,-2.0842097496545264,-6.747703262530238,2.9887421818404745
164.92,,,,-2.0663621314681424,-6.727257209578523,2.9956853630649354
164.96,,,,-2.3269253163371455,-6.7168308523228015,3.0196229980033547
164.96,,,,-2.3118051053289244,-6.703126502482673,3.066493068648841
165.0,,,,-2.5666325261689096,-6.687262236341809,3.0741710507259143
165.0,,,,-2.555995495993874,-6.673126098252802,3.0965182042195174
165.0,-1.243676616801158,-8.33313569217747,1.7707786675694472,-1.7379416129738197,-7.884656184596429,2.1483625526869075
165.04,,,,-2.0534627476410248,-7.863512359508784,2.126488439849751
165.04,,,,-2.0727880550663023,-7.873678517924378,2.135895114096581
165.08,,,,-2.394132862619043,-7.856843849912546,2.121854743334838
165.08,,,,-2.3774834948348045,-7.846301309395193,2.124983784283061
165.08,,,,-2.386501496086889,-7.825864292357988,2.1025590217932617
165.12,,,,-2.6882001894280463,-7.829817664274285,2.0589705080521488
165.12,,,,-2.6873219573164904,-7.7944313532632705,2.0627330470008447
165.12,,,,-2.6847854427950524,-7.786805832116418,2.054346000833793
165.16,,,,-3.0606927646283597,-7.795112831839317,2.040292738152479
165.16,,,,-3.0582604474508255,-7.769928226082269,2.053148233268643
165.16,,,,-3.0887369947025913,-7.781069011914911,2.045296449192162
165.2,-0.7631004737388778,-8.977582796530072,0.3823014370659335,-1.2488327371794132,-8.746144940300173,0.6797728228567321
165.24,,,,-1.5895224849954528,-8.72742215559137,0.6132005438517139
165.24,,,,-1.5704318848817034,-8.699921694979862,0.6233509798336032
165.24,-0.7469273182658761,-9.410943438655814,0.0414207460029484,-1.0541032564108286,-9.085873025566812,0.25317983841881114
165.32,,,,-1.7705433126875656,-9.105119557060371,0.10812447516032885
165.32,,,,-1.7672822787283307,-9.113294143774642,0.09721534769218282
165.48,,,,-3.1891564986781415,-9.12008157060067,-0.16877745631930097
165.56,-0.5992064343804184,-9.732608209799388,1.4978712762991735,-1.875329321967183,-9.351157966673536,1.1602972310180018
165.56,-0.6507588660306856,-10.087271718126948,1.3766151126985309,-1.2906966782248763,-9.669685529456407,1.3213033496779718
165.56,,,,-1.269610854477581,-9.651429594101893,1.374586722745785
165.6,,,,-1.6567328777946566,-9.64833159640064,1.391743843192142
165.76,,,,-3.2141028971894214,-9.664606925891725,1.3710241440767583
165.84,,,,-3.9692270972552914,-9.703630290270691,1.3798150153390323
165.88,,,,-4.378203634854287,-9.695064587883712,1.3906346322859318
165.92,,,,-4.77658129275619,-9.69968225436546,1.3575721251578003
165.96,,,,-5.1614848931354205,-9.691813195852827,1.3728254431166969
