timestamp,X_det,Y_det,Z_det,X_est,Y_est,Z_est,X_smooth,Y_smooth,Z_smooth
155.0,-12.163111,0.06794212,1.0728992,-12.163111,0.06794212,1.0728992,-12.16311100000003,0.06794211999999922,1.0728992000000015
155.0,-12.163111,0.06794212,1.0728992,-12.163111,0.06794212,1.0728992,-12.09472533346573,0.05833710958327498,0.9504255511655371
155.0,-10.712682,-1.6158725,0.47698772,-11.339330462999248,-0.8991691179994284,0.7227558939227381,-12.16311100000003,0.06794211999999922,1.0728992000000015
155.0,-10.712682,-1.6158725,0.47698772,-11.339330462999248,-0.8991691179994284,0.7227558939227381,-12.09472533346573,0.05833710958327498,0.9504255511655371
155.04,-12.143625,0.02043101,0.9417074,-11.70833954498226,-0.4398752707888155,0.8233392912093586,-12.034242944415116,0.05725387727955952,0.8310759034645153
155.08,-12.091838,0.08428358,0.70077187,-11.870951772003988,-0.2299849835151956,0.7762979610057368,-11.986297367133249,0.06876211149359919,0.7172755759871677
155.12,-11.932858,0.95276177,0.1731768,-11.86287111839213,0.24189266645447713,0.5102028712969302,-11.95204370710869,0.09198662278607021,0.6109327768181282
155.12,-11.932858,0.95276177,0.1731768,-11.86287111839213,0.24189266645447713,0.5102028712969302,-11.930678704891994,0.12345621514065386,0.5137471724867604
155.12,-11.932858,0.95276177,0.1731768,-11.86287111839213,0.24189266645447713,0.5102028712969302,-11.92056289055837,0.15920740014362003,0.4271561228764821
155.12,-12.056763,0.052076254,0.5018326,-11.92642258243408,0.13703558324263973,0.48975618564169693,-11.95204370710869,0.09198662278607021,0.6109327768181282
155.12,-12.056763,0.052076254,0.5018326,-11.92642258243408,0.13703558324263973,0.48975618564169693,-11.930678704891994,0.12345621514065386,0.5137471724867604
155.12,-12.056763,0.052076254,0.5018326,-11.92642258243408,0.13703558324263973,0.48975618564169693,-11.92056289055837,0.15920740014362003,0.4271561228764821
155.12,,,,-11.93109055745478,0.11527165947181053,0.4823163176504822,-11.95204370710869,0.09198662278607021,0.6109327768181282
155.12,,,,-11.93109055745478,0.11527165947181053,0.4823163176504822,-11.930678704891994,0.12345621514065386,0.5137471724867604
155.12,,,,-11.93109055745478,0.11527165947181053,0.4823163176504822,-11.92056289055837,0.15920740014362003,0.4271561228764821
155.16,,,,-11.936471162122347,0.13577507430952152,0.4830319902085701,-11.919780680135299,0.19536920503777166,0.3525109758079079
155.16,,,,-11.936471162122347,0.13577507430952152,0.4830319902085701,-11.92641263912857,0.22803858321612477,0.29152106188083443
155.16,,,,-11.936471162122347,0.13577507430952152,0.4830319902085701,-11.93857782174462,0.25363204207721524,0.24629770713011223
155.16,-11.902163,0.8957879,-0.05727792,-11.896562942441975,0.474837630172994,0.20403843998190108,-11.919780680135299,0.19536920503777166,0.3525109758079079
155.16,-11.902163,0.8957879,-0.05727792,-11.896562942441975,0.474837630172994,0.20403843998190108,-11.92641263912857,0.22803858321612477,0.29152106188083443
155.16,-11.902163,0.8957879,-0.05727792,-11.896562942441975,0.474837630172994,0.20403843998190108,-11.93857782174462,0.25363204207721524,0.24629770713011223
155.16,-12.0220375,0.016068863,0.2802716,-11.981141384685635,0.29396600108612003,0.2552613720505018,-11.919780680135299,0.19536920503777166,0.3525109758079079
155.16,-12.0220375,0.016068863,0.2802716,-11.981141384685635,0.29396600108612003,0.2552613720505018,-11.92641263912857,0.22803858321612477,0.29152106188083443
155.16,-12.0220375,0.016068863,0.2802716,-11.981141384685635,0.29396600108612003,0.2552613720505018,-11.93857782174462,0.25363204207721524,0.24629770713011223
155.2,-11.892269,0.94254065,-0.13104405,-11.958098363847117,0.530514396262352,0.06740653643858562,-11.9544406560415,0.26958600660732857,0.21891240191499703
155.2,-11.892269,0.94254065,-0.13104405,-11.958098363847117,0.530514396262352,0.06740653643858562,-11.972305739942216,0.274769580722916,0.21086184371383457
155.2,-11.892269,0.94254065,-0.13104405,-11.958098363847117,0.530514396262352,0.06740653643858562,-11.990745985623942,0.26949080637336503,0.22258149732713114
155.2,-12.056147,0.009003344,0.13283838,-12.02774510925464,0.33811356355366323,0.06911212445950245,-11.9544406560415,0.26958600660732857,0.21891240191499703
155.2,-12.056147,0.009003344,0.13283838,-12.02774510925464,0.33811356355366323,0.06911212445950245,-11.972305739942216,0.274769580722916,0.21086184371383457
155.2,-12.056147,0.009003344,0.13283838,-12.02774510925464,0.33811356355366323,0.06911212445950245,-11.990745985623942,0.26949080637336503,0.22258149732713114
155.2,,,,-12.033014626364213,0.3290193175182996,0.06384367014235093,-11.9544406560415,0.26958600660732857,0.21891240191499703
155.2,,,,-12.033014626364213,0.3290193175182996,0.06384367014235093,-11.972305739942216,0.274769580722916,0.21086184371383457
155.2,,,,-12.033014626364213,0.3290193175182996,0.06384367014235093,-11.990745985623942,0.26949080637336503,0.22258149732713114
155.24,-12.073125,-0.060386494,0.3278924,-12.056849722008591,0.1377301115448554,0.18210130280500164,-12.008716307896151,0.25505508575838,0.2531516163629325
155.24,-12.073125,-0.060386494,0.3278924,-12.056849722008591,0.1377301115448554,0.18210130280500164,-12.025597463570378,0.2331797982668241,0.30029941200783383
155.24,-11.886214,0.97554106,0.045471273,-12.03074030112941,0.4856753217746803,0.10531902085039008,-12.008716307896151,0.25505508575838,0.2531516163629325
155.24,-11.886214,0.97554106,0.045471273,-12.03074030112941,0.4856753217746803,0.10531902085039008,-12.025597463570378,0.2331797982668241,0.30029941200783383
155.28,-12.065769,0.042545214,0.45785117,-12.032370854925265,0.29961693350134955,0.2254647927781786,-12.041100684249857,0.20602350746495413,0.3604193377336872
155.32,-12.076716,-0.080971636,0.6669229,-12.055102493486316,0.1351483825557176,0.39286731912826955,-12.055082416291535,0.17664974095873837,0.4285287734886806
155.36,-12.089107,-0.08140182,0.8102173,-12.053919831743023,0.04947785645850329,0.5586896661778437,-12.067400946711137,0.14887013753555225,0.4985481206941608
155.4,-12.078854,-0.009643167,0.9011597,-12.082559703103916,0.026312138951642052,0.7117829827850354,-12.077864920634422,0.12642093657482692,0.564045087499807
155.44,-12.087038,-0.0072465446,1.0100937,-12.120616748803341,-0.0006516941959235423,0.8281172514266489,-12.086260076814876,0.1122944654671447,0.6191431540028595
155.48,-12.075278,-0.07411243,1.1254748,-12.122537413360554,-0.02113928894504439,0.9333499793174843,-12.09246136643216,0.1084629050440207,0.6593510082624164
155.52,-12.064134,-0.05482074,1.1241695,-12.116809952536467,-0.04478659011445578,1.0303214949461674,-12.096565242136121,0.11573020538176422,0.6822848080939762
155.56,-12.025168,-0.044166625,1.062479,-12.099777650075177,-0.05834224754138037,1.077361629875276,-12.09892264829632,0.13353887844166168,0.6883351209856119
155.6,-12.039301,0.046056997,0.85287136,-12.113987312396075,-0.03835684909919156,0.9745134850125047,-12.100069204950845,0.15972042048061963,0.6811916356245422
155.68,-11.936306,1.0158248,0.006989609,-12.031775353693298,0.3618756597333633,0.5576265131338521,-12.100605366082407,0.19050548290042874,0.667730437542025
155.76,-11.973314,1.0549229,-0.020324571,-11.965725310727668,0.6552512185594913,0.2981027805592203,-12.10094068330293,0.22149714609573462,0.6566306069021401
155.76,-11.973314,1.0549229,-0.020324571,-11.965725310727668,0.6552512185594913,0.2981027805592203,-12.100901011870981,0.24952688416282737,0.655995895224677
155.76,-12.153035,0.027923686,0.2679513,-12.070666013902736,0.4225143939603144,0.2741647967018204,-12.10094068330293,0.22149714609573462,0.6566306069021401
155.76,-12.153035,0.027923686,0.2679513,-12.070666013902736,0.4225143939603144,0.2741647967018204,-12.100901011870981,0.24952688416282737,0.655995895224677
155.8,-12.188092,0.02732298,0.43890736,-12.121100056503817,0.256521540964711,0.34542987716268675,-12.099574612058918,0.27379519479322134,0.6713175782989333
155.84,-12.220967,-0.041112304,0.6250216,-12.16604526489136,0.13853547451142273,0.40565165356047894,-12.095650394369025,0.2952133220790146,0.7046650062548123
155.88,-12.239257,-0.035515465,0.7762026,-12.202043102271453,0.09787950957238946,0.5314467370703668,-12.087986317421322,0.3148047913057709,0.7547971033413386
156.2,-12.015319,0.81172043,1.2018235,-12.103903660618073,0.3873421274359485,0.8897915023480456,-12.076045917667459,0.3325553746637311,0.8177663240889927
156.24,-11.97951,0.77028835,1.2370633,-12.055391266416331,0.5365138555083303,1.095388442731346,-12.059981353897086,0.34748340125125665,0.8881357913645491
156.28,-12.043806,-0.06246776,1.0587082,-12.047933598081435,0.28117643073234755,1.0958698032303378,-12.040374568530687,0.35859652947905485,0.960597015328672
156.28,-12.043806,-0.06246776,1.0587082,-12.047933598081435,0.28117643073234755,1.0958698032303378,-12.017916568964274,0.36546965170926404,1.031086091786222
156.28,-11.942438,0.7053235,1.2586155,-11.96304785886746,0.44013439733173604,1.159493881348371,-12.040374568530687,0.35859652947905485,0.960597015328672
156.28,-11.942438,0.7053235,1.2586155,-11.96304785886746,0.44013439733173604,1.159493881348371,-12.017916568964274,0.36546965170926404,1.031086091786222
156.32,-11.906377,0.65462977,1.279381,-11.9413910514581,0.5086331650561893,1.2132168512008574,-11.993162188000198,0.3681719718494749,1.097013230329972
156.32,-11.906377,0.65462977,1.279381,-11.9413910514581,0.5086331650561893,1.2132168512008574,-11.96635773060286,0.36728369549560114,1.1570377973028476
156.32,-12.001804,-0.078200325,1.0806977,-11.98672836979244,0.290130770251359,1.1584618925929382,-11.993162188000198,0.3681719718494749,1.097013230329972
156.32,-12.001804,-0.078200325,1.0806977,-11.98672836979244,0.290130770251359,1.1584618925929382,-11.96635773060286,0.36728369549560114,1.1570377973028476
156.36,-11.947953,-0.08306646,1.1130787,-12.001110603107685,0.158034551887065,1.183983584394973,-11.93751196945023,0.36373094704859127,1.2106530628263037
156.36,-11.947953,-0.08306646,1.1130787,-12.001110603107685,0.158034551887065,1.183983584394973,-11.906734344437115,0.3580236433300571,1.2576650026424434
156.36,-11.857415,0.5911433,1.3285625,-11.952039031954202,0.34582374934667826,1.2594951032598927,-11.93751196945023,0.36373094704859127,1.2106530628263037
156.36,-11.857415,0.5911433,1.3285625,-11.952039031954202,0.34582374934667826,1.2594951032598927,-11.906734344437115,0.3580236433300571,1.2576650026424434
156.4,-11.802619,0.5135902,1.3746603,-11.87988444239836,0.40680694597225947,1.3762032605917698,-11.87451054468039,0.349794399523826,1.297909482023921
156.44,-11.758006,0.45192167,1.4197224,-11.832134170421378,0.43420278228630377,1.3940657288341542,-11.84167774565208,0.3382673265353859,1.3313995539014796
156.48,-11.703234,0.38324347,1.4719284,-11.780194997121741,0.42900936955168556,1.4405486296844816,-11.809205195627364,0.3230298241657515,1.3586409955439886
156.48,-11.703234,0.38324347,1.4719284,-11.780194997121741,0.42900936955168556,1.4405486296844816,-11.777967745624656,0.3044100024381391,1.380758978338198
156.48,-11.737328,0.05479672,1.1992948,-11.734463475683457,0.266087926445348,1.3464024581132374,-11.809205195627364,0.3230298241657515,1.3586409955439886
156.48,-11.737328,0.05479672,1.1992948,-11.734463475683457,0.266087926445348,1.3464024581132374,-11.777967745624656,0.3044100024381391,1.380758978338198
156.52,-11.664288,0.070244566,1.2198439,-11.685497025441041,0.1799757790946335,1.3078922188952682,-11.748560878566906,0.283252030473694,1.3992509732103358
156.52,-11.664288,0.070244566,1.2198439,-11.685497025441041,0.1799757790946335,1.3078922188952682,-11.721159368659633,0.2602859509701403,1.415454774143356
156.52,-11.664288,0.070244566,1.2198439,-11.685497025441041,0.1799757790946335,1.3078922188952682,-11.695478749019792,0.2356925379393763,1.4301413146907505
156.52,,,,-11.69147852503376,0.20211201222167355,1.3429903213777055,-11.748560878566906,0.283252030473694,1.3992509732103358
156.52,,,,-11.69147852503376,0.20211201222167355,1.3429903213777055,-11.721159368659633,0.2602859509701403,1.415454774143356
156.52,,,,-11.69147852503376,0.20211201222167355,1.3429903213777055,-11.695478749019792,0.2356925379393763,1.4301413146907505
156.52,-11.647857,0.29275027,1.5158293,-11.665834665698167,0.2625142733743028,1.422874854872967,-11.748560878566906,0.283252030473694,1.3992509732103358
156.52,-11.647857,0.29275027,1.5158293,-11.665834665698167,0.2625142733743028,1.422874854872967,-11.721159368659633,0.2602859509701403,1.415454774143356
156.52,-11.647857,0.29275027,1.5158293,-11.665834665698167,0.2625142733743028,1.422874854872967,-11.695478749019792,0.2356925379393763,1.4301413146907505
156.56,-11.595078,0.2171868,1.5499616,-11.620960879537147,0.22810252267894843,1.4963734515776845,-11.67083036645475,0.20922822993649637,1.4435712746049996
156.56,-11.595078,0.2171868,1.5499616,-11.620960879537147,0.22810252267894843,1.4963734515776845,-11.646156662887313,0.18062640215759176,1.4558995514724662
156.56,-11.595078,0.2171868,1.5499616,-11.620960879537147,0.22810252267894843,1.4963734515776845,-11.620041501066549,0.14988858449752004,1.4674793447928225
156.56,,,,-11.619061320367189,0.24352094958517806,1.5014082249940914,-11.67083036645475,0.20922822993649637,1.4435712746049996
156.56,,,,-11.619061320367189,0.24352094958517806,1.5014082249940914,-11.646156662887313,0.18062640215759176,1.4558995514724662
156.56,,,,-11.619061320367189,0.24352094958517806,1.5014082249940914,-11.620041501066549,0.14988858449752004,1.4674793447928225
156.56,-11.5951,0.08407941,1.2388424,-11.606080490323922,0.16207500649919948,1.3852825190870255,-11.67083036645475,0.20922822993649637,1.4435712746049996
156.56,-11.5951,0.08407941,1.2388424,-11.606080490323922,0.16207500649919948,1.3852825190870255,-11.646156662887313,0.18062640215759176,1.4558995514724662
156.56,-11.5951,0.08407941,1.2388424,-11.606080490323922,0.16207500649919948,1.3852825190870255,-11.620041501066549,0.14988858449752004,1.4674793447928225
156.6,-11.532531,0.06679858,1.265619,-11.575372672419284,0.13472327259007943,1.3071497189428358,-11.590777418938062,0.1173597698153592,1.478649196360154
156.6,-11.532531,0.06679858,1.265619,-11.575372672419284,0.13472327259007943,1.3071497189428358,-11.55648842612482,0.08368574604984187,1.4891223379703433
156.6,-11.545002,0.13211912,1.5904453,-11.59231676844733,0.1486527674667357,1.4397871523820867,-11.590777418938062,0.1173597698153592,1.478649196360154
156.6,-11.545002,0.13211912,1.5904453,-11.59231676844733,0.1486527674667357,1.4397871523820867,-11.55648842612482,0.08368574604984187,1.4891223379703433
156.64,-11.491293,0.03917736,1.6171333,-11.55188544186965,0.09308730092966433,1.4920372596344489,-11.515301382653995,0.04983886291114603,1.4976584793384913
156.68,-11.430379,-0.060062665,1.6558788,-11.5007221102927,0.03371874355198583,1.555257800393089,-11.465545089440168,0.017207397121888113,1.5023667715255762
156.72,-11.372156,-0.16709116,1.6740254,-11.454225579762314,-0.05405901775188763,1.6323769437041147,-11.405885936153922,-0.012467232893969536,1.501318642794165
156.76,-11.237986,0.018998653,1.2551506,-11.363228636749144,-0.022403395965897407,1.4932142703965947,-11.335376970802292,-0.03732682204846546,1.4930700131615104
156.76,-11.237986,0.018998653,1.2551506,-11.363228636749144,-0.022403395965897407,1.4932142703965947,-11.253494028399114,-0.055632082314493465,1.4768786885149106
156.76,-11.319982,-0.3028207,1.7136106,-11.34660620524533,-0.16403944358728068,1.599372494725498,-11.335376970802292,-0.03732682204846546,1.4930700131615104
156.76,-11.319982,-0.3028207,1.7136106,-11.34660620524533,-0.16403944358728068,1.599372494725498,-11.253494028399114,-0.055632082314493465,1.4768786885149106
156.8,-11.265035,-0.39781278,1.7222065,-11.300955413575142,-0.2489551389990412,1.6552215738824603,-11.160284819599052,-0.06606964736627326,1.4528019136814978
156.88,-11.16386,-0.6081157,1.736913,-11.247447606299378,-0.37794820152719005,1.7370291825983566,-11.056723258848914,-0.06837923635448481,1.422149945844672
157.04,-10.547562,0.38075572,1.0134348,-10.993377370819324,-0.053931984129656406,1.3991194172353676,-10.945076777681422,-0.06402746256457072,1.388105282655186
157.08,-10.445939,0.3401164,1.0320394,-10.754802151558932,0.12219649171272182,1.214184533931235,-10.828820617221215,-0.05604078527107341,1.3555646828650598
157.12,-10.461921,-0.16310735,1.1700321,-10.646075950742622,0.025118339282758972,1.156679343568629,-10.711953222210186,-0.047807324695011186,1.3299215768773174
157.12,-10.461921,-0.16310735,1.1700321,-10.646075950742622,0.025118339282758972,1.156679343568629,-10.598213482084054,-0.04193063715291935,1.315707383043761
157.12,-10.345593,0.2716201,1.0883596,-10.509448525111228,0.11287690868139644,1.128202136709907,-10.711953222210186,-0.047807324695011186,1.3299215768773174
157.12,-10.345593,0.2716201,1.0883596,-10.509448525111228,0.11287690868139644,1.128202136709907,-10.598213482084054,-0.04193063715291935,1.315707383043761
157.2,-10.227679,-0.18359584,1.2968823,-10.395177402886436,-0.014220257486921961,1.1895930319375811,-10.490652113934127,-0.03987810632034622,1.3158989956974114
157.2,-10.227679,-0.18359584,1.2968823,-10.395177402886436,-0.014220257486921961,1.1895930319375811,-10.391460299854938,-0.04210483108496608,1.3318433560256664
157.2,-10.128117,0.15008917,1.2563356,-10.27759341489225,0.06509556312889356,1.206296890274952,-10.490652113934127,-0.03987810632034622,1.3158989956974114
157.2,-10.128117,0.15008917,1.2563356,-10.27759341489225,0.06509556312889356,1.206296890274952,-10.391460299854938,-0.04210483108496608,1.3318433560256664
157.24,-10.165734,-0.25655863,1.4380144,-10.232314691023607,-0.031963205422554763,1.2775380842290798,-10.301873450650099,-0.04825337587625739,1.3634594189896132
157.28,-10.109811,-0.29402113,1.6104796,-10.191143232679213,-0.1604098503606977,1.3463851650899012,-10.222206224829321,-0.057423344935283865,1.4095001879178877
157.28,-10.109811,-0.29402113,1.6104796,-10.191143232679213,-0.1604098503606977,1.3463851650899012,-10.152064557728282,-0.06863081604393685,1.4678357408912275
157.28,-9.977482,0.10718828,1.5892044,-10.118382670987227,-0.07615373915783596,1.4612633069115948,-10.222206224829321,-0.057423344935283865,1.4095001879178877
157.28,-9.977482,0.10718828,1.5892044,-10.118382670987227,-0.07615373915783596,1.4612633069115948,-10.152064557728282,-0.06863081604393685,1.4678357408912275
157.32,-9.925534,0.0919644,1.7572916,-10.040539136036566,-0.005050573075398433,1.559131707124945,-10.090574084745562,-0.08114330370955089,1.5358007062426784
157.32,-9.925534,0.0919644,1.7572916,-10.040539136036566,-0.005050573075398433,1.559131707124945,-10.036474911014906,-0.0943403990972073,1.610582193979014
157.32,-10.054988,-0.30650616,1.7834275,-10.019872423123427,-0.13601842163209474,1.660653541635638,-10.090574084745562,-0.08114330370955089,1.5358007062426784
157.32,-10.054988,-0.30650616,1.7834275,-10.019872423123427,-0.13601842163209474,1.660653541635638,-10.036474911014906,-0.0943403990972073,1.610582193979014
157.36,-9.998,-0.335416,1.9353935,-9.984142121449615,-0.21384839010078707,1.7528802523735083,-9.988169567435634,-0.10756992206929009,1.689565025260345
157.36,-9.998,-0.335416,1.9353935,-9.984142121449615,-0.21384839010078707,1.7528802523735083,-9.943815331884007,-0.12041146066304524,1.7705491632250165
157.36,-9.866732,0.07269224,1.909707,-9.903631298807547,-0.1103791698331293,1.7898087652264294,-9.988169567435634,-0.10756992206929009,1.689565025260345
157.36,-9.866732,0.07269224,1.909707,-9.903631298807547,-0.1103791698331293,1.7898087652264294,-9.943815331884007,-0.12041146066304524,1.7705491632250165
157.4,-9.805289,0.028168062,2.0535154,-9.85204055527893,-0.11309354579395917,1.8836726611457633,-9.901348819590648,-0.13286521289284497,1.851782899015909
157.4,-9.805289,0.028168062,2.0535154,-9.85204055527893,-0.11309354579395917,1.8836726611457633,-9.858422059101747,-0.1451560756303813,1.9318696860402769
157.4,-9.927271,-0.34299386,2.065799,-9.87723622431283,-0.17471249215508045,1.9498074540280517,-9.901348819590648,-0.13286521289284497,1.851782899015909
157.4,-9.927271,-0.34299386,2.065799,-9.87723622431283,-0.17471249215508045,1.9498074540280517,-9.858422059101747,-0.1451560756303813,1.9318696860402769
157.44,-9.892758,-0.36252943,2.2064133,-9.879833038254876,-0.2234978930002697,2.055685171094409,-9.812486958540351,-0.15759179230099007,2.0096958006742747
157.44,-9.892758,-0.36252943,2.2064133,-9.879833038254876,-0.2234978930002697,2.055685171094409,-9.76114103076933,-0.17066187379035902,2.0844382725514303
157.44,-9.76249,0.030518215,2.1956737,-9.84766861848981,-0.10766374778877345,2.1080701668238686,-9.812486958540351,-0.15759179230099007,2.0096958006742747
157.44,-9.76249,0.030518215,2.1956737,-9.84766861848981,-0.10766374778877345,2.1080701668238686,-9.76114103076933,-0.17066187379035902,2.0844382725514303
157.48,-9.699152,-0.0055904724,2.2964222,-9.784666141720177,-0.07354034603250445,2.158466068168613,-9.702521894379444,-0.18493795349239084,2.1555742998366276
157.48,-9.699152,-0.0055904724,2.2964222,-9.784666141720177,-0.07354034603250445,2.158466068168613,-9.635580724762981,-0.20065453488578702,2.2227981762406257
157.48,-9.825399,-0.3913897,2.3117175,-9.792459013621157,-0.19532133808495897,2.2125299989471996,-9.702521894379444,-0.18493795349239084,2.1555742998366276
157.48,-9.825399,-0.3913897,2.3117175,-9.792459013621157,-0.19532133808495897,2.2125299989471996,-9.635580724762981,-0.20065453488578702,2.2227981762406257
157.52,-9.743856,-0.37577462,2.4099362,-9.7755300119479,-0.28946837444373835,2.2895326125105946,-9.560369320895006,-0.21754025077414754,2.2858799917270596
157.52,-9.743856,-0.37577462,2.4099362,-9.7755300119479,-0.28946837444373835,2.2895326125105946,-9.478493025351813,-0.23512392296123127,2.344565672105035
157.52,-9.743856,-0.37577462,2.4099362,-9.7755300119479,-0.28946837444373835,2.2895326125105946,-9.392989990221205,-0.2529872138283542,2.3985728303218785
157.52,-9.640566,-0.06343991,2.3955028,-9.730204784091823,-0.1704804444348354,2.3179661407697383,-9.560369320895006,-0.21754025077414754,2.2858799917270596
157.52,-9.640566,-0.06343991,2.3955028,-9.730204784091823,-0.1704804444348354,2.3179661407697383,-9.478493025351813,-0.23512392296123127,2.344565672105035
157.52,-9.640566,-0.06343991,2.3955028,-9.730204784091823,-0.1704804444348354,2.3179661407697383,-9.392989990221205,-0.2529872138283542,2.3985728303218785
157.52,-6.725013,-0.45477757,2.6585224,-8.6623922649633,-0.2966914939608687,2.4762443362546276,-9.560369320895006,-0.21754025077414754,2.2858799917270596
157.52,-6.725013,-0.45477757,2.6585224,-8.6623922649633,-0.2966914939608687,2.4762443362546276,-9.478493025351813,-0.23512392296123127,2.344565672105035
157.52,-6.725013,-0.45477757,2.6585224,-8.6623922649633,-0.2966914939608687,2.4762443362546276,-9.392989990221205,-0.2529872138283542,2.3985728303218785
157.56,-9.588479,-0.06835746,2.4524767,-9.053744617079081,-0.22710980478357523,2.4679142859607563,-9.306491000154246,-0.2707279694197206,2.447729592417012
157.56,-9.588479,-0.06835746,2.4524767,-9.053744617079081,-0.22710980478357523,2.4679142859607563,-9.219057938520223,-0.28788164251673437,2.4921309758754373
157.56,-9.701594,-0.4221989,2.4836369,-9.309393146423146,-0.2876255701099242,2.4722246121189273,-9.306491000154246,-0.2707279694197206,2.447729592417012
157.56,-9.701594,-0.4221989,2.4836369,-9.309393146423146,-0.2876255701099242,2.4722246121189273,-9.219057938520223,-0.28788164251673437,2.4921309758754373
157.6,-9.66193,-0.4689763,2.5505052,-9.48199345472997,-0.36568532560865363,2.523703094260598,-9.128567551831694,-0.30392654593201784,2.532071609045072
157.64,-9.481034,-0.1371815,2.5600145,-9.484022507117814,-0.27280100868288076,2.5526138348594722,-9.033314962482518,-0.3183845057959869,2.5678399984728375
157.64,-9.481034,-0.1371815,2.5600145,-9.484022507117814,-0.27280100868288076,2.5526138348594722,-8.934495482521225,-0.3308691506008244,2.5995989962967263
157.64,-9.481034,-0.1371815,2.5600145,-9.484022507117814,-0.27280100868288076,2.5526138348594722,-8.83710689155712,-0.34102935971106985,2.627382568028318
157.64,-9.576757,-0.42585877,2.5667837,-9.511193183902567,-0.3331756167583252,2.5704786704369873,-9.033314962482518,-0.3183845057959869,2.5678399984728375
157.64,-9.576757,-0.42585877,2.5667837,-9.511193183902567,-0.3331756167583252,2.5704786704369873,-8.934495482521225,-0.3308691506008244,2.5995989962967263
157.64,-9.576757,-0.42585877,2.5667837,-9.511193183902567,-0.3331756167583252,2.5704786704369873,-8.83710689155712,-0.34102935971106985,2.627382568028318
157.64,-6.52631,-0.5166565,2.8258548,-8.36451532335312,-0.41454242700081706,2.6837881439338624,-9.033314962482518,-0.3183845057959869,2.5678399984728375
157.64,-6.52631,-0.5166565,2.8258548,-8.36451532335312,-0.41454242700081706,2.6837881439338624,-8.934495482521225,-0.3308691506008244,2.5995989962967263
157.64,-6.52631,-0.5166565,2.8258548,-8.36451532335312,-0.41454242700081706,2.6837881439338624,-8.83710689155712,-0.34102935971106985,2.627382568028318
157.68,-6.4989076,-0.53040487,2.853581,-7.6349313541939825,-0.5037706123704514,2.8213893749577124,-8.747791436926626,-0.34872945395409105,2.6513201400456707
157.68,-6.4989076,-0.53040487,2.853581,-7.6349313541939825,-0.5037706123704514,2.8213893749577124,-8.670168878285793,-0.354500206475224,2.6721290301697205
157.68,-9.430023,-0.16412954,2.5891275,-8.396639304741955,-0.38867104690626214,2.7193416302174174,-8.747791436926626,-0.34872945395409105,2.6513201400456707
157.68,-9.430023,-0.16412954,2.5891275,-8.396639304741955,-0.38867104690626214,2.7193416302174174,-8.670168878285793,-0.354500206475224,2.6721290301697205
157.72,-9.3797455,-0.21260688,2.611788,-8.801423319881433,-0.31317463165686177,2.6973914236116623,-8.602267245647688,-0.35970101452162906,2.69141495118483
157.72,-9.3797455,-0.21260688,2.611788,-8.801423319881433,-0.31317463165686177,2.6973914236116623,-8.538060291736253,-0.36615209049824127,2.711495556625727
157.72,-6.4558125,-0.5485729,2.8587413,-7.864012355047676,-0.3858340792473965,2.798973250500167,-8.602267245647688,-0.35970101452162906,2.69141495118483
157.72,-6.4558125,-0.5485729,2.8587413,-7.864012355047676,-0.3858340792473965,2.798973250500167,-8.538060291736253,-0.36615209049824127,2.711495556625727
157.76,-9.328828,-0.26584116,2.606457,-8.42651458584346,-0.3856194598486309,2.725689500389692,-8.469161381904586,-0.3757373159442068,2.735151170563982
157.76,-9.328828,-0.26584116,2.606457,-8.42651458584346,-0.3856194598486309,2.725689500389692,-8.38439926003883,-0.3903679054027175,2.7655281867767365
157.76,-6.4064956,-0.5679784,2.8530958,-7.651150458964331,-0.42811683654876476,2.789109862624552,-8.469161381904586,-0.3757373159442068,2.735151170563982
157.76,-6.4064956,-0.5679784,2.8530958,-7.651150458964331,-0.42811683654876476,2.789109862624552,-8.38439926003883,-0.3903679054027175,2.7655281867767365
157.8,-9.285046,-0.262703,2.5900528,-8.3023454750277,-0.36908136682287035,2.730483098056532,-8.269045544328018,-0.4120806108320498,2.8059730839225403
157.84,-9.227118,-0.28472298,2.5466335,-8.668091883410822,-0.3271633820173939,2.7184279740452637,-8.105509629434332,-0.44291090022531887,2.859673706619576
157.88,-9.177386,-0.34945336,2.5064137,-8.872380811812656,-0.34472371676451746,2.708517709997161,-7.876496908946496,-0.4844538414350057,2.9290919316760196
157.92,-8.927692,-0.72734416,2.638358,-8.916341294946626,-0.49377190314480573,2.6999156422309207,-7.569813482418285,-0.5374038102273513,3.0152275074696235
157.96,-5.7059793,-0.7587577,2.948601,-7.725351992535063,-0.6039435228490718,2.8212714015445752,-7.182193926940536,-0.6015008940602998,3.1168646079464044
158.04,-4.8989925,-0.931853,3.186608,-6.667863377907937,-0.799881040280441,3.0810471567578412,-6.7196523939619945,-0.6759799948944534,3.230114908812899
158.08,,,,-6.701009128320722,-0.8144882529699787,3.209627864077845,-6.194458379238936,-0.7602334986096142,3.3485788437425406
158.12,,,,-6.721912712135257,-0.8259535978861081,3.3385895536814063,-5.622867089518253,-0.854219080288888,3.4639228979108956
158.24,-2.9047642,-1.3703545,3.6045935,-4.748645809414272,-0.8404536216958064,3.8462633217877964,-5.025849801753384,-0.9582673943041163,3.5665881873564023
158.32,-2.1488762,-1.5302488,3.6670375,-3.6821343769713692,-0.8514508543640902,4.1265754361800795,-4.428602463164892,-1.0723813246330751,3.647104746316177
158.4,-1.5050092,-1.690162,3.6321995,-2.7697324627389603,-0.9312843688304993,4.090534877497685,-3.8557971834284293,-1.1953596191996478,3.6981095151231416
158.44,-1.1886836,-1.7563252,3.5877516,-2.0363935324732565,-1.143327294989961,3.9055681658501875,-3.325736296587893,-1.3240740482621696,3.7157821283865906
158.48,-3.0202963,-2.3218546,3.4959617,-2.498782170898817,-1.6171259884832685,3.7847289097966184,-2.847103357425885,-1.45341710161385,3.699698042910361
158.48,-3.0202963,-2.3218546,3.4959617,-2.498782170898817,-1.6171259884832685,3.7847289097966184,-2.4192529933683353,-1.5772718605003353,3.651662729978727
158.48,-0.8390603,-1.8312552,3.5455396,-1.8147666878660633,-1.6801019269079762,3.6673564253913353,-2.847103357425885,-1.45341710161385,3.699698042910361
158.48,-0.8390603,-1.8312552,3.5455396,-1.8147666878660633,-1.6801019269079762,3.6673564253913353,-2.4192529933683353,-1.5772718605003353,3.651662729978727
158.56,-2.1914878,-2.313163,3.3323467,-2.086514188916083,-1.9317751270996129,3.5725602165339474,-2.034806692154901,-1.6899294100427715,3.574565626127711
158.6,-1.7898061,-2.3140557,3.2216735,-2.032721410310907,-2.1007950133424673,3.4547540472041622,-1.6827657937946088,-1.78717355484941,3.471673194301044
158.64,-1.3847796,-2.265505,3.0536172,-1.8316613871350569,-2.1480058885476563,3.3051918513964678,-1.3517689749935344,-1.867029353295205,3.346268900546965
158.68,0.7397318,-2.157201,3.055595,-0.8648947843848671,-2.1497997073528707,3.2074338323434213,-1.0326284217460096,-1.9302249254354191,3.2014775075951687
158.68,0.7397318,-2.157201,3.055595,-0.8648947843848671,-2.1497997073528707,3.2074338323434213,-0.7185443526491254,-1.980152225961573,3.0403463094090504
158.68,,,,-0.8534058488240402,-2.152749432982418,3.2095600509654725,-1.0326284217460096,-1.9302249254354191,3.2014775075951687
158.68,,,,-0.8534058488240402,-2.152749432982418,3.2095600509654725,-0.7185443526491254,-1.980152225961573,3.0403463094090504
158.76,-0.022329034,-1.0989476,2.270032,-0.5820286981994219,-1.6147710171828804,2.8440923363549673,-0.40396337772004853,-2.022115002480379,2.866243043203303
158.76,-0.022329034,-1.0989476,2.270032,-0.5820286981994219,-1.6147710171828804,2.8440923363549673,-0.08435643910500479,-2.061618293483544,2.6831634281052903
158.76,-0.111756854,-2.0927176,2.5300295,-0.3817296881295641,-1.8160057286597857,2.7716586614698695,-0.40396337772004853,-2.022115002480379,2.866243043203303
158.76,-0.111756854,-2.0927176,2.5300295,-0.3817296881295641,-1.8160057286597857,2.7716586614698695,-0.08435643910500479,-2.061618293483544,2.6831634281052903
158.8,0.28650472,-2.049046,2.3300722,-0.16995428690229328,-1.9048952164910875,2.638609235089917,0.24289094581861026,-2.1024591753776614,2.4957618821492815
158.88,1.1957667,-1.8047295,1.8673449,0.28117338555703164,-1.8448089870092712,2.3648753485851834,0.5775116945994564,-2.1459038475210903,2.30947211895785
158.92,1.6458814,-1.6684608,1.6266257,0.7994999863062284,-1.7725766996540793,2.0934344518281853,0.9160001002261007,-2.1905770328444727,2.130592098380498
158.96,1.8829386,-2.6703744,1.7697169,1.171613310166451,-2.136490286039821,1.9863502560174768,1.2521612950823253,-2.232202337554223,1.965963523722286
159.04,2.5758026,-2.7032576,1.3383887,1.6334282948372032,-2.3214801751398815,1.71695444880442,1.5781868207119554,-2.2638382340109575,1.822502048366565
159.08,2.9518056,-2.6971874,1.1095445,2.099587949139153,-2.430289534871115,1.4986646950527305,1.8857579718529467,-2.277181606751473,1.7067450112697695
159.12,3.2773097,-2.6603222,0.905387,2.5213611483383085,-2.5026217622416986,1.279782007015229,2.16724963802732,-2.2641784620112677,1.6241187077135746
159.16,3.3270192,-2.420601,1.2311394,2.7860772598763677,-2.4815808055551876,1.3052941442319363,2.4170560118580524,-2.21820370307616,1.577972584090594
159.24,3.3109083,-2.0710807,1.7467568,2.938590171726161,-2.290403516507432,1.4909140495008435,2.6326027610794767,-2.1347151355276357,1.5690302411170716
159.24,3.3109083,-2.0710807,1.7467568,2.938590171726161,-2.290403516507432,1.4909140495008435,2.8147088546860313,-2.01157423047747,1.5956870109054453
159.24,3.3109083,-2.0710807,1.7467568,2.938590171726161,-2.290403516507432,1.4909140495008435,2.9671060546430468,-1.8496264521551884,1.654651386490969
159.24,3.4899735,-2.8954744,1.2790637,3.1386347852760443,-2.5213305566914217,1.4298088429026148,2.6326027610794767,-2.1347151355276357,1.5690302411170716
159.24,3.4899735,-2.8954744,1.2790637,3.1386347852760443,-2.5213305566914217,1.4298088429026148,2.8147088546860313,-2.01157423047747,1.5956870109054453
159.24,3.4899735,-2.8954744,1.2790637,3.1386347852760443,-2.5213305566914217,1.4298088429026148,2.9671060546430468,-1.8496264521551884,1.654651386490969
159.24,1.9035189,-2.0030334,1.6793324,2.6339869824139432,-2.3263685863165504,1.5413636209628916,2.6326027610794767,-2.1347151355276357,1.5690302411170716
159.24,1.9035189,-2.0030334,1.6793324,2.6339869824139432,-2.3263685863165504,1.5413636209628916,2.8147088546860313,-2.01157423047747,1.5956870109054453
159.24,1.9035189,-2.0030334,1.6793324,2.6339869824139432,-2.3263685863165504,1.5413636209628916,2.9671060546430468,-1.8496264521551884,1.654651386490969
159.32,3.3152287,-1.4833814,2.1890008,2.8292559099971855,-1.969276017436155,1.7926681188833713,3.094746037202617,-1.6535982874420185,1.7413844344056009
159.36,3.6635282,0.22226012,2.0339158,3.1990622666800093,-1.2117716283606619,1.860644572239928,3.201660721151834,-1.4320533723639979,1.8505881953740129
159.4,3.618867,0.34326887,2.2458057,3.3669353993649436,-0.6189098264793187,1.9913414317608809,3.290286629349452,-1.1953508446082994,1.9768032576001762
159.4,3.618867,0.34326887,2.2458057,3.3669353993649436,-0.6189098264793187,1.9913414317608809,3.3623555219167414,-0.9526085196205379,2.114791085821393
159.4,3.3441253,-1.2039106,2.6315327,3.346495596836634,-0.8680306636737896,2.2554470163303666,3.290286629349452,-1.1953508446082994,1.9768032576001762
159.4,3.3441253,-1.2039106,2.6315327,3.346495596836634,-0.8680306636737896,2.2554470163303666,3.3623555219167414,-0.9526085196205379,2.114791085821393
159.44,3.6365182,0.5544995,2.4191947,3.4436327775536038,-0.32100727166982695,2.3329995896982862,3.4196900985515937,-0.7099542387715848,2.2598257231119283
159.44,3.6365182,0.5544995,2.4191947,3.4436327775536038,-0.32100727166982695,2.3329995896982862,3.4642726318378725,-0.47068420545488043,2.4080053128354515
159.44,3.351466,-1.0523053,2.8026237,3.4132413636336993,-0.560242428248071,2.512739085554249,3.4196900985515937,-0.7099542387715848,2.2598257231119283
159.44,3.351466,-1.0523053,2.8026237,3.4132413636336993,-0.560242428248071,2.512739085554249,3.4642726318378725,-0.47068420545488043,2.4080053128354515
159.48,3.6150985,0.7047697,2.5742474,3.515290838047562,-0.06411061860532515,2.547701733764279,3.4980664933002132,-0.2361675779615109,2.556325689156356
159.48,3.6150985,0.7047697,2.5742474,3.515290838047562,-0.06411061860532515,2.547701733764279,3.522884868708868,-0.006897114097832873,2.7024191791738272
159.48,3.3285484,-0.90150446,2.9628603,3.441604831781067,-0.4054574489757439,2.6866088979657414,3.4980664933002132,-0.2361675779615109,2.556325689156356
159.48,3.3285484,-0.90150446,2.9628603,3.441604831781067,-0.4054574489757439,2.6866088979657414,3.522884868708868,-0.006897114097832873,2.7024191791738272
159.52,3.6281724,0.9003352,2.7263567,3.5460120838584204,0.0933155971674077,2.766641458491036,3.540291596934365,0.21622281505158297,2.8441066819858527
159.64,3.522243,1.3351799,3.1024892,3.5741464746328733,0.5994817104937085,2.9669633982464827,3.551583466057496,0.43095639154128246,2.978991040370913
159.72,3.475873,1.628221,3.2745066,3.5662651605889026,0.9696459215289419,3.1247602953288514,3.557947136828432,0.6343439739616311,3.1043199726115547
159.76,3.4950533,1.8041015,3.3012702,3.5582408261152074,1.2510660448469466,3.220847960779575,3.560637142415723,0.824614409808628,3.2171446245122395
159.76,3.4950533,1.8041015,3.3012702,3.5582408261152074,1.2510660448469466,3.220847960779575,3.5609584697573418,1.002593886656603,3.3145705842183797
159.76,3.4701684,0.20059106,3.7403076,3.504838918970161,0.8612025110112428,3.3892051628974293,3.560637142415723,0.824614409808628,3.2171446245122395
159.76,3.4701684,0.20059106,3.7403076,3.504838918970161,0.8612025110112428,3.3892051628974293,3.5609584697573418,1.002593886656603,3.3145705842183797
159.8,3.4371264,1.9202439,3.3783705,3.5062894795409014,1.2881968563474429,3.4364239431468246,3.5600670910600303,1.1713864213923129,3.393975884228041
159.8,3.4371264,1.9202439,3.3783705,3.5062894795409014,1.2881968563474429,3.4364239431468246,3.558722918698327,1.3348990605241007,3.453216855184616
159.8,3.4547954,0.3791728,3.7779348,3.482441093547875,0.9509876833091319,3.5604248138077685,3.5600670910600303,1.1713864213923129,3.393975884228041
159.8,3.4547954,0.3791728,3.7779348,3.482441093547875,0.9509876833091319,3.5604248138077685,3.558722918698327,1.3348990605241007,3.453216855184616
159.84,3.4296353,2.0839067,3.3965862,3.499663900200007,1.3666617644948316,3.542468195447166,3.5571118809247473,1.4963443803272514,3.49080266923571
159.88,3.4361043,2.2572951,3.400175,3.506815077540809,1.7134340308978624,3.4726780811506752,3.554786410817092,1.6573992948494582,3.505910239798504
159.92,3.4003448,2.3597121,3.4081655,3.522499470290015,1.9632571365642424,3.4653843993809326,3.5507176696253424,1.8185902994134042,3.498103886212104
159.96,3.4082992,2.5451622,3.3804936,3.53300943176989,2.219186108567226,3.444016169493949,3.543425498522989,1.9806017265127684,3.4669231918176613
160.0,3.358372,1.1849802,3.7425716,3.5550495515282026,1.8193674536985738,3.5798194762871174,3.531155109254494,2.145119134433012,3.4117811460455796
160.04,3.338418,2.7811215,3.3131614,3.5559112277913063,2.169778373616641,3.5040793137475044,3.5120988844993684,2.3142174618613045,3.332431969230402
160.16,3.120698,1.8476542,3.2714698,3.5524610724864316,2.0289558402740013,3.4432005587409913,3.48464840595762,2.488780349151522,3.2297524826361768
160.24,3.278497,3.5100029,2.8439653,3.606216784815078,2.5801778731690836,3.1914282036940373,3.447684727852246,2.6672639919174146,3.1062670385701074
160.28,3.2298567,3.5905447,2.7138803,3.5463918020405587,2.9486731564616844,2.986963145375865,3.400960833869309,2.8456654558109893,2.9660712310023154
160.32,3.2362807,3.7392035,2.5697331,3.4716716479604948,3.2524239856156196,2.823875512568089,3.345472036482109,3.018810945306358,2.814286120211187
160.36,3.2413511,3.9027958,2.402447,3.4681110445807435,3.4938979220964472,2.62842277143268,3.2836382310474104,3.1821912166433597,2.65646682335066
160.4,3.0677898,3.7815409,2.127723,3.424724661398054,3.5760669304117516,2.3658073191773425,3.2194151895470986,3.3333209422725933,2.498156966333035
160.44,1.144742,2.7493567,2.407246,2.627631408713626,3.251419575324724,2.3773671345688996,3.1580473972301184,3.47201678800985,2.3445190995103653
160.44,1.144742,2.7493567,2.407246,2.627631408713626,3.251419575324724,2.3773671345688996,3.104575840904124,3.5993273197384545,2.2002241692973747
160.44,2.9601045,3.8015468,1.9660573,2.8069136818885574,3.502406985421359,2.1843112216366825,3.1580473972301184,3.47201678800985,2.3445190995103653
160.44,2.9601045,3.8015468,1.9660573,2.8069136818885574,3.502406985421359,2.1843112216366825,3.104575840904124,3.5993273197384545,2.2002241692973747
160.48,2.912776,3.8944242,1.806606,2.944429292857604,3.6934981123342157,1.9981925487328172,3.061848528073333,3.7160172354837995,2.0696313440697094
160.48,2.912776,3.8944242,1.806606,2.944429292857604,3.6934981123342157,1.9981925487328172,3.0301013542424475,3.82207583016811,1.9568309844787806
160.48,3.1827433,4.2754555,1.8156636,3.051210833070512,3.9011277653574843,1.9118602678542964,3.061848528073333,3.7160172354837995,2.0696313440697094
160.48,3.1827433,4.2754555,1.8156636,3.051210833070512,3.9011277653574843,1.9118602678542964,3.0301013542424475,3.82207583016811,1.9568309844787806
160.52,3.1433592,4.3756204,1.6295886,3.1867984989033844,4.052009824686999,1.7638806104259217,3.0082093443833036,3.9173083417439796,1.8654472198529977
160.52,3.1433592,4.3756204,1.6295886,3.1867984989033844,4.052009824686999,1.7638806104259217,2.9951550912068656,4.002038022053168,1.7984198277871157
160.52,3.1433592,4.3756204,1.6295886,3.1867984989033844,4.052009824686999,1.7638806104259217,2.990857212521861,4.07705392066444,1.7578788701072499
160.52,3.1433592,4.3756204,1.6295886,3.1867984989033844,4.052009824686999,1.7638806104259217,2.995947552067279,4.1427695844455465,1.7452562480615976
160.52,2.8696175,3.9946628,1.6202593,3.0924160885863077,3.9990907420449644,1.6886785715801569,3.0082093443833036,3.9173083417439796,1.8654472198529977
160.52,2.8696175,3.9946628,1.6202593,3.0924160885863077,3.9990907420449644,1.6886785715801569,2.9951550912068656,4.002038022053168,1.7984198277871157
160.52,2.8696175,3.9946628,1.6202593,3.0924160885863077,3.9990907420449644,1.6886785715801569,2.990857212521861,4.07705392066444,1.7578788701072499
160.52,2.8696175,3.9946628,1.6202593,3.0924160885863077,3.9990907420449644,1.6886785715801569,2.995947552067279,4.1427695844455465,1.7452562480615976
160.52,2.9520195,3.3349884,1.8909303,3.050692698192274,3.7271425035987304,1.7708496920297625,3.0082093443833036,3.9173083417439796,1.8654472198529977
160.52,2.9520195,3.3349884,1.8909303,3.050692698192274,3.7271425035987304,1.7708496920297625,2.9951550912068656,4.002038022053168,1.7984198277871157
160.52,2.9520195,3.3349884,1.8909303,3.050692698192274,3.7271425035987304,1.7708496920297625,2.990857212521861,4.07705392066444,1.7578788701072499
160.52,2.9520195,3.3349884,1.8909303,3.050692698192274,3.7271425035987304,1.7708496920297625,2.995947552067279,4.1427695844455465,1.7452562480615976
160.52,1.8186173,5.3171782,1.5035306,2.570957500955773,4.345531488933706,1.693613959776386,3.0082093443833036,3.9173083417439796,1.8654472198529977
160.52,1.8186173,5.3171782,1.5035306,2.570957500955773,4.345531488933706,1.693613959776386,2.9951550912068656,4.002038022053168,1.7984198277871157
160.52,1.8186173,5.3171782,1.5035306,2.570957500955773,4.345531488933706,1.693613959776386,2.990857212521861,4.07705392066444,1.7578788701072499
160.52,1.8186173,5.3171782,1.5035306,2.570957500955773,4.345531488933706,1.693613959776386,2.995947552067279,4.1427695844455465,1.7452562480615976
160.56,3.0077052,4.1715364,1.9285151,2.82381545681978,4.28624575819344,1.7117839927684777,3.010453866113969,4.198920071796017,1.7615313895613582
160.56,3.0077052,4.1715364,1.9285151,2.82381545681978,4.28624575819344,1.7117839927684777,3.032511653109317,4.24538064263411,1.8072181705316817
160.56,3.2415671,4.389046,1.5632571,2.9854246455280213,4.304892992681719,1.6341129835586505,3.010453866113969,4.198920071796017,1.7615313895613582
160.56,3.2415671,4.389046,1.5632571,2.9854246455280213,4.304892992681719,1.6341129835586505,3.032511653109317,4.24538064263411,1.8072181705316817
160.6,3.292655,4.3886204,1.9241798,3.218468807596236,4.374711558701387,1.7147592539067207,3.058501742575587,4.282854069997763,1.8819798419861882
160.6,3.292655,4.3886204,1.9241798,3.218468807596236,4.374711558701387,1.7147592539067207,3.0843178261372217,4.312823594412915,1.9842286468103596
160.6,3.020549,4.1348777,2.319522,3.1244067565393534,4.276492105285252,1.9544028612493405,3.058501742575587,4.282854069997763,1.8819798419861882
160.6,3.020549,4.1348777,2.319522,3.1244067565393534,4.276492105285252,1.9544028612493405,3.0843178261372217,4.312823594412915,1.9842286468103596
160.64,3.0755508,4.2114196,2.6693168,3.1870839809315346,4.256863121984233,2.2009586240359567,3.106373313990409,4.337182044892672,2.1112597797350103
160.64,3.0755508,4.2114196,2.6693168,3.1870839809315346,4.256863121984233,2.2009586240359567,3.1218818133970037,4.357707922124434,2.259927144286664
160.64,3.2575622,4.34526,2.2774408,3.2373137058774515,4.288351638765341,2.220820241602773,3.106373313990409,4.337182044892672,2.1112597797350103
160.64,3.2575622,4.34526,2.2774408,3.2373137058774515,4.288351638765341,2.220820241602773,3.1218818133970037,4.357707922124434,2.259927144286664
160.68,3.278753,4.342499,2.621138,3.3480489484565115,4.285644157759674,2.3717560399900677,3.12899165947836,4.375611620778047,2.4271097450790404
160.72,3.308665,4.3304358,2.9519522,3.4254828145416116,4.311374489794401,2.5797658930690694,3.1272544892446197,4.39133984307068,2.6095878458902657
160.76,2.9721942,3.2592413,3.7584498,3.3808064633366475,3.881218373660025,3.0607405734381463,3.1183062674805355,4.404244054244437,2.803977229825195
160.76,2.9721942,3.2592413,3.7584498,3.3808064633366475,3.881218373660025,3.0607405734381463,3.1063049330441204,4.411530248202343,3.0074520628000494
160.76,2.9721942,3.2592413,3.7584498,3.3808064633366475,3.881218373660025,3.0607405734381463,3.0974863330185025,4.4072586172181625,3.2188298134439606
160.76,3.1265385,4.1904974,3.6793146,3.2829302929334463,4.003292807015195,3.307175628783864,3.1183062674805355,4.404244054244437,2.803977229825195
160.76,3.1265385,4.1904974,3.6793146,3.2829302929334463,4.003292807015195,3.307175628783864,3.1063049330441204,4.411530248202343,3.0074520628000494
160.76,3.1265385,4.1904974,3.6793146,3.2829302929334463,4.003292807015195,3.307175628783864,3.0974863330185025,4.4072586172181625,3.2188298134439606
160.76,1.6906478,5.542723,3.1206133,2.706007320008556,4.589212761601657,3.2653616197834485,3.1183062674805355,4.404244054244437,2.803977229825195
160.76,1.6906478,5.542723,3.1206133,2.706007320008556,4.589212761601657,3.2653616197834485,3.1063049330441204,4.411530248202343,3.0074520628000494
160.76,1.6906478,5.542723,3.1206133,2.706007320008556,4.589212761601657,3.2653616197834485,3.0974863330185025,4.4072586172181625,3.2188298134439606
160.8,1.6020032,5.7256207,3.3745403,2.3936313123898136,5.025902653458964,3.3088113782915314,3.0981728566041444,4.383443398931501,3.4387225494097597
160.8,1.6020032,5.7256207,3.3745403,2.3936313123898136,5.025902653458964,3.3088113782915314,3.1118392230837166,4.333294340487454,3.6683223946843717
160.8,3.3782866,4.368776,3.5423372,2.7846589637158328,4.727486436241794,3.374883427116284,3.0981728566041444,4.383443398931501,3.4387225494097597
160.8,3.3782866,4.368776,3.5423372,2.7846589637158328,4.727486436241794,3.374883427116284,3.1118392230837166,4.333294340487454,3.6683223946843717
160.84,3.3927996,4.37586,3.8019166,3.135016817254132,4.5913446613437445,3.548449581585282,3.137600536102598,4.25385267417762,3.9076720176222834
160.88,3.1826842,4.1923175,4.5180025,3.2782146412895328,4.4114332755059324,3.9270024621838426,3.171377487698669,4.146395972929292,4.154361121617297
161.0,3.2280812,4.1459546,5.1961236,3.5501343816395656,4.284989140095764,4.554825289079327,3.208298130204732,4.015709219637905,4.403325738664061
161.04,3.0373318,3.1628976,5.4495416,3.4188053451059512,3.8561302008536567,4.92743464436104,3.2446515580767086,3.869345191273068,4.648111701236019
161.04,3.0373318,3.1628976,5.4495416,3.4188053451059512,3.8561302008536567,4.92743464436104,3.278754193214713,3.7165373083628026,4.882875745178706
161.04,3.0373318,3.1628976,5.4495416,3.4188053451059512,3.8561302008536567,4.92743464436104,3.310623899449805,3.566671315840053,5.103669974128955
161.04,3.0373318,3.1628976,5.4495416,3.4188053451059512,3.8561302008536567,4.92743464436104,3.3410520653703495,3.428444433404,5.308471231448862
161.04,3.223983,2.788272,5.38095,3.3279731516474667,3.426779327440681,5.096027420566669,3.2446515580767086,3.869345191273068,4.648111701236019
161.04,3.223983,2.788272,5.38095,3.3279731516474667,3.426779327440681,5.096027420566669,3.278754193214713,3.7165373083628026,4.882875745178706
161.04,3.223983,2.788272,5.38095,3.3279731516474667,3.426779327440681,5.096027420566669,3.310623899449805,3.566671315840053,5.103669974128955
161.04,3.223983,2.788272,5.38095,3.3279731516474667,3.426779327440681,5.096027420566669,3.3410520653703495,3.428444433404,5.308471231448862
161.04,3.2335782,4.1212344,5.3896236,3.2983965578434242,3.704894193387,5.208406118231405,3.2446515580767086,3.869345191273068,4.648111701236019
161.04,3.2335782,4.1212344,5.3896236,3.2983965578434242,3.704894193387,5.208406118231405,3.278754193214713,3.7165373083628026,4.882875745178706
161.04,3.2335782,4.1212344,5.3896236,3.2983965578434242,3.704894193387,5.208406118231405,3.310623899449805,3.566671315840053,5.103669974128955
161.04,3.2335782,4.1212344,5.3896236,3.2983965578434242,3.704894193387,5.208406118231405,3.3410520653703495,3.428444433404,5.308471231448862
161.04,3.3385959,2.7396069,5.662107,3.2854008369825114,3.303548637899549,5.4004201286050915,3.2446515580767086,3.869345191273068,4.648111701236019
161.04,3.3385959,2.7396069,5.662107,3.2854008369825114,3.303548637899549,5.4004201286050915,3.278754193214713,3.7165373083628026,4.882875745178706
161.04,3.3385959,2.7396069,5.662107,3.2854008369825114,3.303548637899549,5.4004201286050915,3.310623899449805,3.566671315840053,5.103669974128955
161.04,3.3385959,2.7396069,5.662107,3.2854008369825114,3.303548637899549,5.4004201286050915,3.3410520653703495,3.428444433404,5.308471231448862
161.08,3.2255597,2.776843,5.545805,3.3423392134490557,3.123949524964702,5.5032868664798995,3.3708593669863474,3.3099066886091695,5.496599784762905
161.08,3.2255597,2.776843,5.545805,3.3423392134490557,3.123949524964702,5.5032868664798995,3.4005540973201356,3.2181770147916975,5.668123346078573
161.08,3.4022071,2.6909914,5.8433294,3.3518261526697906,2.968649467956134,5.6453457396276585,3.3708593669863474,3.3099066886091695,5.496599784762905
161.08,3.4022071,2.6909914,5.8433294,3.3518261526697906,2.968649467956134,5.6453457396276585,3.4005540973201356,3.2181770147916975,5.668123346078573
161.12,3.3885891,2.6532948,5.997033,3.444444803321913,2.8478564635288395,5.80637924273165,3.4302753484401824,3.158621160206574,5.823364211775038
161.16,3.42217,2.6089509,6.140207,3.4807455675129853,2.7551451091564134,5.969693948948558,3.4599201902316907,3.1340953327782253,5.962595084335933
161.2,3.4934444,2.5420518,6.2602034,3.5314215975757364,2.6523034112921224,6.148162760870247,3.4893774680484544,3.144273787274855,6.086028378282692
161.24,3.3118765,4.0417757,6.107676,3.556524870273113,3.198147072775156,6.201170011556273,3.51874926446342,3.185230457849136,6.194007133476612
161.24,3.3118765,4.0417757,6.107676,3.556524870273113,3.198147072775156,6.201170011556273,3.548437503222839,3.2498690375552832,6.287120698674471
161.24,3.5323634,2.4798138,6.321147,3.5240755376936836,2.9387751993183757,6.265660709278374,3.51874926446342,3.185230457849136,6.194007133476612
161.24,3.5323634,2.4798138,6.321147,3.5240755376936836,2.9387751993183757,6.265660709278374,3.548437503222839,3.2498690375552832,6.287120698674471
161.28,3.3179858,4.018308,6.1999316,3.5276323581275135,3.3379966844544238,6.330917988846424,3.5790120199700586,3.328887814571083,6.366070197865765
161.32,3.3337455,3.9892309,6.299341,3.5305471754353603,3.603231733941634,6.3612439557137765,3.610892320136852,3.411676863150996,6.431400226260197
161.36,3.358049,3.9695835,6.3682694,3.5930989520624586,3.7446055981890645,6.434822453467089,3.644032069300096,3.4875296553552353,6.483266063822103
161.4,3.3686907,3.9063134,6.4178843,3.5914244674338307,3.8220036564067534,6.464060611249764,3.677754376857787,3.547110171434435,6.5212981519919415
161.52,3.4107263,3.851053,6.484976,3.7879097682062075,3.79820952865022,6.663398222572136,3.710786695352327,3.5833680943198867,6.544675941740303
161.56,3.431455,3.7996318,6.4795294,3.7539652213137824,3.7928820310146776,6.637384923209608,3.7415536929363027,3.5917260494239645,6.5525489104921935
161.6,3.457934,3.7757497,6.4642587,3.7271855884112295,3.7710401542769785,6.6268156508271705,3.768527102454842,3.569904484126045,6.544605517882266
161.64,3.4417446,3.694992,6.437971,3.712857644033654,3.7453269844128676,6.6225673418140545,3.790212582067741,3.5177466373976927,6.521387971939982
161.8,3.539564,3.6218693,6.173657,4.009519047812822,3.661384969797967,6.597059775231111,3.8049734736897696,3.4372106466029138,6.484362743476112
161.84,3.5100856,3.5119402,6.0655212,3.951513710312716,3.600060061382087,6.372278760521287,3.8113878477062677,3.3324794739020858,6.435882302617979
161.84,3.5100856,3.5119402,6.0655212,3.951513710312716,3.600060061382087,6.372278760521287,3.808963048805739,3.2097598293219582,6.378874241047974
161.84,3.6830225,1.879617,6.3097153,3.848652846267303,2.898862702409814,6.384101565857193,3.8113878477062677,3.3324794739020858,6.435882302617979
161.84,3.6830225,1.879617,6.3097153,3.848652846267303,2.898862702409814,6.384101565857193,3.808963048805739,3.2097598293219582,6.378874241047974
161.88,3.5625796,3.5247078,5.946859,3.7992115577167844,3.1351095094380796,6.225642538837276,3.7983021716366476,3.076230706591239,6.3163294371785454
161.88,3.5625796,3.5247078,5.946859,3.7992115577167844,3.1351095094380796,6.225642538837276,3.780647224275233,2.9386987773875966,6.250940545068348
161.88,3.6950846,1.8418771,6.2495327,3.789116195050147,2.682414433413725,6.2501344076084795,3.7983021716366476,3.076230706591239,6.3163294371785454
161.88,3.6950846,1.8418771,6.2495327,3.789116195050147,2.682414433413725,6.2501344076084795,3.780647224275233,2.9386987773875966,6.250940545068348
161.92,3.5774622,3.4643073,5.8209147,3.785228802636075,3.022207700805477,6.075364907023488,3.757470519132419,2.8030716254581485,6.184959946111226
161.92,3.5774622,3.4643073,5.8209147,3.785228802636075,3.022207700805477,6.075364907023488,3.7304060913703947,2.67469911425839,6.120112923742372
161.92,3.6881316,1.8020324,6.1560616,3.7822246546664875,2.524972098776828,6.0832412853135835,3.757470519132419,2.8030716254581485,6.184959946111226
161.92,3.6881316,1.8020324,6.1560616,3.7822246546664875,2.524972098776828,6.0832412853135835,3.7304060913703947,2.67469911425839,6.120112923742372
161.96,3.2953408,2.1199744,5.823505,3.6529890492508534,2.38613574706011,6.008779134841342,3.7013146985979586,2.558664993921301,6.057528373329107
161.96,3.2953408,2.1199744,5.823505,3.6529890492508534,2.38613574706011,6.008779134841342,3.672216731952792,2.459253106552689,5.997799882890933
161.96,3.2953408,2.1199744,5.823505,3.6529890492508534,2.38613574706011,6.008779134841342,3.6451106103848665,2.378894258585024,5.9411338441850345
161.96,3.2953408,2.1199744,5.823505,3.6529890492508534,2.38613574706011,6.008779134841342,3.6218490336563303,2.3177398852648303,5.887320631705532
161.96,3.6922717,1.7682166,6.0267687,3.688778735049964,2.1563421440238404,6.002558571401924,3.7013146985979586,2.558664993921301,6.057528373329107
161.96,3.6922717,1.7682166,6.0267687,3.688778735049964,2.1563421440238404,6.002558571401924,3.672216731952792,2.459253106552689,5.997799882890933
161.96,3.6922717,1.7682166,6.0267687,3.688778735049964,2.1563421440238404,6.002558571401924,3.6451106103848665,2.378894258585024,5.9411338441850345
161.96,3.6922717,1.7682166,6.0267687,3.688778735049964,2.1563421440238404,6.002558571401924,3.6218490336563303,2.3177398852648303,5.887320631705532
161.96,3.4046946,1.8814234,5.679979,3.5988680571995446,2.0608352994562993,5.856384353704094,3.7013146985979586,2.558664993921301,6.057528373329107
161.96,3.4046946,1.8814234,5.679979,3.5988680571995446,2.0608352994562993,5.856384353704094,3.672216731952792,2.459253106552689,5.997799882890933
161.96,3.4046946,1.8814234,5.679979,3.5988680571995446,2.0608352994562993,5.856384353704094,3.6451106103848665,2.378894258585024,5.9411338441850345
161.96,3.4046946,1.8814234,5.679979,3.5988680571995446,2.0608352994562993,5.856384353704094,3.6218490336563303,2.3177398852648303,5.887320631705532
161.96,3.5902941,3.4295802,5.678576,3.6173695855917862,2.625147464091506,5.768543977999796,3.7013146985979586,2.558664993921301,6.057528373329107
161.96,3.5902941,3.4295802,5.678576,3.6173695855917862,2.625147464091506,5.768543977999796,3.672216731952792,2.459253106552689,5.997799882890933
161.96,3.5902941,3.4295802,5.678576,3.6173695855917862,2.625147464091506,5.768543977999796,3.6451106103848665,2.378894258585024,5.9411338441850345
161.96,3.5902941,3.4295802,5.678576,3.6173695855917862,2.625147464091506,5.768543977999796,3.6218490336563303,2.3177398852648303,5.887320631705532
162.0,3.6953642,1.7306052,5.8822923,3.685554132726404,2.253918060770482,5.811586934657452,3.60416132444792,2.2746302300508847,5.8354979032645815
162.0,3.6953642,1.7306052,5.8822923,3.685554132726404,2.253918060770482,5.811586934657452,3.593790077072211,2.2484816662781375,5.784089791715335
162.0,3.6953642,1.7306052,5.8822923,3.685554132726404,2.253918060770482,5.811586934657452,3.5923872867619644,2.2384181075163236,5.731081522626779
162.0,3.6953642,1.7306052,5.8822923,3.685554132726404,2.253918060770482,5.811586934657452,3.600987612257116,2.243190797256107,5.674257968731392
162.0,3.2945673,2.0732138,5.710314,3.4845936297519757,2.1830092978082876,5.79277370387174,3.60416132444792,2.2746302300508847,5.8354979032645815
162.0,3.2945673,2.0732138,5.710314,3.4845936297519757,2.1830092978082876,5.79277370387174,3.593790077072211,2.2484816662781375,5.784089791715335
162.0,3.2945673,2.0732138,5.710314,3.4845936297519757,2.1830092978082876,5.79277370387174,3.5923872867619644,2.2384181075163236,5.731081522626779
162.0,3.2945673,2.0732138,5.710314,3.4845936297519757,2.1830092978082876,5.79277370387174,3.600987612257116,2.243190797256107,5.674257968731392
162.0,3.3923464,1.8572049,5.5693874,3.4610060000106118,2.04281045230667,5.7022022890732895,3.60416132444792,2.2746302300508847,5.8354979032645815
162.0,3.3923464,1.8572049,5.5693874,3.4610060000106118,2.04281045230667,5.7022022890732895,3.593790077072211,2.2484816662781375,5.784089791715335
162.0,3.3923464,1.8572049,5.5693874,3.4610060000106118,2.04281045230667,5.7022022890732895,3.5923872867619644,2.2384181075163236,5.731081522626779
162.0,3.3923464,1.8572049,5.5693874,3.4610060000106118,2.04281045230667,5.7022022890732895,3.600987612257116,2.243190797256107,5.674257968731392
162.0,3.5924776,3.3710208,5.5225706,3.4795931396100004,2.60168845655784,5.633712207548991,3.60416132444792,2.2746302300508847,5.8354979032645815
162.0,3.5924776,3.3710208,5.5225706,3.4795931396100004,2.60168845655784,5.633712207548991,3.593790077072211,2.2484816662781375,5.784089791715335
162.0,3.5924776,3.3710208,5.5225706,3.4795931396100004,2.60168845655784,5.633712207548991,3.5923872867619644,2.2384181075163236,5.731081522626779
162.0,3.5924776,3.3710208,5.5225706,3.4795931396100004,2.60168845655784,5.633712207548991,3.600987612257116,2.243190797256107,5.674257968731392
162.04,3.4386098,1.7808833,5.4259987,3.56030262399924,2.2748540502010592,5.535922559383436,3.6195631459962714,2.261545347963393,5.6111523730576245
162.04,3.4386098,1.7808833,5.4259987,3.56030262399924,2.2748540502010592,5.535922559383436,3.6470543439064405,2.2929130011687757,5.538922738054172
162.04,3.663327,1.6968381,5.7065525,3.6078161314622825,2.026125149128384,5.593656540699093,3.6195631459962714,2.261545347963393,5.6111523730576245
162.04,3.663327,1.6968381,5.7065525,3.6078161314622825,2.026125149128384,5.593656540699093,3.6470543439064405,2.2929130011687757,5.538922738054172
162.08,3.6785223,1.6502662,5.5247393,3.7029202272859782,1.8934005888980936,5.562409719489508,3.681704246737961,2.3366040995973565,5.454528447070193
162.08,3.6785223,1.6502662,5.5247393,3.7029202272859782,1.8934005888980936,5.562409719489508,3.7214291705612923,2.390097021292254,5.355225952313391
162.08,3.6264658,3.28194,5.148823,3.7112344308708014,2.4407392443885687,5.408833789176157,3.681704246737961,2.3366040995973565,5.454528447070193
162.08,3.6264658,3.28194,5.148823,3.7112344308708014,2.4407392443885687,5.408833789176157,3.7214291705612923,2.390097021292254,5.355225952313391
162.12,3.6749716,3.2589858,4.956544,3.771585430120184,2.7365281177222744,5.26709864371816,3.7640685452070124,2.4488420665412725,5.238922139533019
162.12,3.6749716,3.2589858,4.956544,3.771585430120184,2.7365281177222744,5.26709864371816,3.8074228520746796,2.507810432679529,5.104208095183296
162.12,3.6305819,1.6119843,5.3106947,3.7310052721881215,2.331474534465997,5.270856288629309,3.7640685452070124,2.4488420665412725,5.238922139533019
162.12,3.6305819,1.6119843,5.3106947,3.7310052721881215,2.331474534465997,5.270856288629309,3.8074228520746796,2.507810432679529,5.104208095183296
162.16,3.6989229,3.2292674,4.7229643,3.7958023184298324,2.6585253708408807,5.074775709677914,3.8490827598295656,2.562524661449226,4.950481816614722
162.2,3.7002947,3.1780531,4.498552,3.834616129951994,2.8114983268097387,4.878011124293801,3.8861963364622056,2.608966616061459,4.7782508248717495
162.24,3.706632,3.1286347,4.2474103,3.8674467898281404,2.9365030542348074,4.641689933102775,3.9153628641325815,2.6439117338314264,4.589213287325235
162.28,3.3907058,1.6801732,4.2967396,3.7845362107699416,2.4166792826775034,4.515445443991877,3.9325908866363064,2.665610688381134,4.386075279626255
162.28,3.3907058,1.6801732,4.2967396,3.7845362107699416,2.4166792826775034,4.515445443991877,3.9330448779046607,2.6733498641191455,4.172455917841211
162.28,3.706616,3.0596821,3.9992282,3.7310538413718497,2.6532431539534453,4.267688526559424,3.9325908866363064,2.665610688381134,4.386075279626255
162.28,3.706616,3.0596821,3.9992282,3.7310538413718497,2.6532431539534453,4.267688526559424,3.9330448779046607,2.6733498641191455,4.172455917841211
162.32,3.7035575,3.0001903,3.7353444,3.7578635473218114,2.8115577791762183,4.034004812598975,3.910572684827011,2.666380442438933,3.9529483783958654
162.36,3.7120764,2.9637105,3.427684,3.825053850217512,2.8551457506912543,3.756517520053705,3.857451879949445,2.643933559979087,3.73308285726181
162.4,3.7466192,2.9617712,3.1236215,3.881987515173388,2.9057474168401516,3.433603942336158,3.7647740450865297,2.606301334818528,3.519021960460724
162.52,3.3695397,1.1549512,2.7477038,3.8573390289791107,2.223717415346838,3.0342055407065813,3.6234391674874584,2.555471130372415,3.3168878382607385
162.52,3.3695397,1.1549512,2.7477038,3.8573390289791107,2.223717415346838,3.0342055407065813,3.4254331926332524,2.4944101371976717,3.131632326063875
162.52,3.3695397,1.1549512,2.7477038,3.8573390289791107,2.223717415346838,3.0342055407065813,3.1651158575337277,2.42573103392311,2.9657777020136282
162.52,3.7022853,3.0906157,2.3332,3.794545303455781,2.5917611101919036,2.740332687815238,3.6234391674874584,2.555471130372415,3.3168878382607385
162.52,3.7022853,3.0906157,2.3332,3.794545303455781,2.5917611101919036,2.740332687815238,3.4254331926332524,2.4944101371976717,3.131632326063875
162.52,3.7022853,3.0906157,2.3332,3.794545303455781,2.5917611101919036,2.740332687815238,3.1651158575337277,2.42573103392311,2.9657777020136282
162.52,3.3237488,1.2050338,2.6839685,3.6209933533996717,2.054499674968593,2.6845094323703043,3.6234391674874584,2.555471130372415,3.3168878382607385
162.52,3.3237488,1.2050338,2.6839685,3.6209933533996717,2.054499674968593,2.6845094323703043,3.4254331926332524,2.4944101371976717,3.131632326063875
162.52,3.3237488,1.2050338,2.6839685,3.6209933533996717,2.054499674968593,2.6845094323703043,3.1651158575337277,2.42573103392311,2.9657777020136282
162.64,2.2162588,2.6186817,2.6433775,3.253958340668219,2.272229810393109,2.596806023051705,2.8403109098212798,2.3507835528206487,2.81875582675377
162.68,1.7329688,2.445475,2.7208033,2.714711689384944,2.298626571437461,2.6168965923565035,2.452845676410916,2.269372711324626,2.6871708111352106
162.72,1.2544581,2.280283,2.7630548,2.1949533086353346,2.261982131288936,2.6412387060383233,2.0082657371803307,2.180258807805195,2.5657051475521286
162.84,-0.026068175,1.9980807,2.568732,1.5814483457522206,2.153626782439591,2.5887695884040327,1.514945273072878,2.0821319528693407,2.448318824342469
162.84,-0.026068175,1.9980807,2.568732,1.5814483457522206,2.153626782439591,2.5887695884040327,0.9830570124996902,1.9742647476007515,2.3294859496849125
162.84,-0.08547697,1.9487984,2.7609394,0.9938711360068382,2.085116668513022,2.634513643267445,1.514945273072878,2.0821319528693407,2.448318824342469
162.84,-0.08547697,1.9487984,2.7609394,0.9938711360068382,2.085116668513022,2.634513643267445,0.9830570124996902,1.9742647476007515,2.3294859496849125
162.88,-0.5122911,1.8249049,2.573236,0.4877929661817316,1.9799779962221924,2.5926225219308967,0.4237270295690795,1.8567804163251855,2.205368340203086
162.88,-0.5122911,1.8249049,2.573236,0.4877929661817316,1.9799779962221924,2.5926225219308967,-0.15127570375640453,1.730870029711081,2.0750338329564437
162.88,-0.56041485,1.7884113,2.7429574,0.09650190434986732,1.9021751458680392,2.676457742581261,0.4237270295690795,1.8567804163251855,2.205368340203086
162.88,-0.56041485,1.7884113,2.7429574,0.09650190434986732,1.9021751458680392,2.676457742581261,-0.15127570375640453,1.730870029711081,2.0750338329564437
163.2,-1.869697,0.55142254,1.7578799,-0.33379240072611344,1.3206485074294838,2.127740464435246,-0.7289988553501842,1.598770024894845,1.9414996965079871
163.24,-2.1570692,0.51767254,1.5564057,-1.0718373954634561,0.9612581061500678,1.8564394556440993,-1.2942517228210695,1.462727862336286,1.8117176851153387
163.28,-4.3927174,1.1842362,1.3453424,-2.2846204656897195,1.087342329171202,1.5633450208665076,-1.829414003773872,1.3230390196419228,1.6951299616177613
163.28,-4.3927174,1.1842362,1.3453424,-2.2846204656897195,1.087342329171202,1.5633450208665076,-2.316511209756792,1.1769201488183108,1.6017396057701405
163.28,-4.503836,1.007623,1.3767247,-3.0959393553840737,1.1771591148221257,1.4055121978980953,-1.829414003773872,1.3230390196419228,1.6951299616177613
163.28,-4.503836,1.007623,1.3767247,-3.0959393553840737,1.1771591148221257,1.4055121978980953,-2.316511209756792,1.1769201488183108,1.6017396057701405
163.32,,,,-3.0487555423044075,1.198575524707252,1.3741382006840839,-2.740634878790559,1.019374048903028,1.5406831436537276
163.32,,,,-3.0487555423044075,1.198575524707252,1.3741382006840839,-3.09208154317522,0.8450865748430525,1.5194288742505266
163.32,,,,-3.0487555423044075,1.198575524707252,1.3741382006840839,-3.367016043208325,0.6501054150578899,1.543198050689047
163.32,-4.862008,0.9139073,1.1573216,-3.8558504345496627,1.0674490293198822,1.1944192451084734,-2.740634878790559,1.019374048903028,1.5406831436537276
163.32,-4.862008,0.9139073,1.1573216,-3.8558504345496627,1.0674490293198822,1.1944192451084734,-3.09208154317522,0.8450865748430525,1.5194288742505266
163.32,-4.862008,0.9139073,1.1573216,-3.8558504345496627,1.0674490293198822,1.1944192451084734,-3.367016043208325,0.6501054150578899,1.543198050689047
163.32,-4.7214384,1.1558254,1.1389723,-4.215598102890068,1.084270737710235,1.1884307953576394,-2.740634878790559,1.019374048903028,1.5406831436537276
163.32,-4.7214384,1.1558254,1.1389723,-4.215598102890068,1.084270737710235,1.1884307953576394,-3.09208154317522,0.8450865748430525,1.5194288742505266
163.32,-4.7214384,1.1558254,1.1389723,-4.215598102890068,1.084270737710235,1.1884307953576394,-3.367016043208325,0.6501054150578899,1.543198050689047
163.36,-2.0963686,0.066907585,1.0270268,-3.3174538860504836,0.6732517686999095,1.0667699911574866,-3.567731595933727,0.43301310880302313,1.614204574328062
163.56,-3.4081903,-0.255007,2.1749961,-3.200100882677006,0.31015704620212986,1.4836412982923315,-3.7008967267287747,0.1953809235716039,1.7308663813555567
163.56,-3.4081903,-0.255007,2.1749961,-3.200100882677006,0.31015704620212986,1.4836412982923315,-3.773790296703963,-0.05893263785407468,1.8877433587577788
163.56,-5.296796,-1.2086878,2.161336,-4.090424446336659,-0.28385798763994924,1.774521991513891,-3.7008967267287747,0.1953809235716039,1.7308663813555567
163.56,-5.296796,-1.2086878,2.161336,-4.090424446336659,-0.28385798763994924,1.774521991513891,-3.773790296703963,-0.05893263785407468,1.8877433587577788
163.68,-4.6930575,-1.2935596,2.8771758,-4.448702214661325,-0.6787140819055477,2.2340390195008686,-3.792914008393896,-0.3255461918994185,2.076674740279199
163.68,-4.6930575,-1.2935596,2.8771758,-4.448702214661325,-0.6787140819055477,2.2340390195008686,-3.7662246511573603,-0.6014850831242812,2.288648585374449
163.68,-2.8215916,-0.95147055,2.8704746,-3.8089996460241125,-0.7740296399313602,2.5222575249389374,-3.792914008393896,-0.3255461918994185,2.076674740279199
163.68,-2.8215916,-0.95147055,2.8704746,-3.8089996460241125,-0.7740296399313602,2.5222575249389374,-3.7662246511573603,-0.6014850831242812,2.288648585374449
163.72,-2.6742146,-1.1664923,3.084292,-3.3364502420418267,-0.9499984998884953,2.764080140056793,-3.704513021347986,-0.8860766154052697,2.515550973930769
163.72,-2.6742146,-1.1664923,3.084292,-3.3364502420418267,-0.9499984998884953,2.764080140056793,-3.619767605458072,-1.1804611290419733,2.7511978158231356
163.72,-4.5840364,-1.564405,3.090853,-3.7988255475496233,-1.1329969967531777,2.905875525270406,-3.704513021347986,-0.8860766154052697,2.515550973930769
163.72,-4.5840364,-1.564405,3.090853,-3.7988255475496233,-1.1329969967531777,2.905875525270406,-3.619767605458072,-1.1804611290419733,2.7511978158231356
163.76,-4.4888725,-1.8168107,3.2862012,-4.112971864624871,-1.3890744313736971,3.099321476211662,-3.5239289294915443,-1.4864961014533,2.991487664859774
163.76,-4.4888725,-1.8168107,3.2862012,-4.112971864624871,-1.3890744313736971,3.099321476211662,-3.430211479521379,-1.8056078862877059,3.233899673683709
163.76,-2.4618409,-1.37538,3.252353,-3.4536121653733507,-1.366750508776694,3.15849474518042,-3.5239289294915443,-1.4864961014533,2.991487664859774
163.76,-2.4618409,-1.37538,3.252353,-3.4536121653733507,-1.366750508776694,3.15849474518042,-3.430211479521379,-1.8056078862877059,3.233899673683709
163.8,-2.1936822,-1.6138568,3.4345675,-3.014629902591908,-1.5147701590384088,3.2466327204940346,-3.354118176475375,-2.137279339306635,3.476531412516028
164.04,-3.8378246,-3.3050387,4.1184764,-3.641011212158397,-2.2167627179101417,3.773686726791753,-3.312188067842003,-2.4773302890293682,3.717021482162847
164.16,-0.65081865,-3.4173896,4.2723966,-2.649162549411737,-2.5971754222623664,4.209444138558843,-3.3205131907703334,-2.8172697646833855,3.952322938719861
164.28,-0.26317933,-3.9622808,4.2976594,-1.9573548172106359,-3.012968946668783,4.383876350370268,-3.3929939861717346,-3.1451426542286605,4.17975231592028
164.52,-2.8702283,-5.718738,3.8912282,-3.033681969668908,-4.302836689102951,4.378390542800139,-3.53767922986997,-3.4473208657049983,4.398096342409784
164.68,,,,-3.7131100421514844,-4.306429108869601,4.675702676909635,-3.7544195028125973,-3.7114871272714325,4.607588598468715
164.76,,,,-4.0375868435937905,-4.359326566000796,4.846142908718842,-4.037022598907484,-3.929850987648322,4.809258540636563
164.8,,,,-4.224256944933155,-4.3596222654102315,4.890472147999943,-4.3768736476064465,-4.100182947824489,5.004492748262978
164.92,,,,-4.779502012464485,-4.355170416986115,5.118791336603429,-4.764564006936231,-4.224646208650052,5.1946413801493945
165.04,,,,-5.2791817202245115,-4.347762976536077,5.353636703235446,-5.190177830109412,-4.3081924428628176,5.380551927038636
165.16,,,,-5.7977493935763835,-4.354231334630099,5.568622010855823,-5.643792787174219,-4.357287143313555,5.5624578227305115
165.2,,,,-5.952551208693227,-4.351520894352091,5.655873942510196,-6.116048809916866,-4.379012030830364,5.7401906547180275
165.52,,,,-7.361800300732571,-4.352459507332896,6.229479016427181,-6.598469372934609,-4.380532165665218,5.913476422072523
165.52,,,,-7.361800300732571,-4.352459507332896,6.229479016427181,-7.08451738204866,-4.368831825536048,6.082587409620914
165.52,,,,-7.3892900027958,-4.331441303848992,6.194835902739387,-6.598469372934609,-4.380532165665218,5.913476422072523
165.52,,,,-7.3892900027958,-4.331441303848992,6.194835902739387,-7.08451738204866,-4.368831825536048,6.082587409620914
165.56,,,,-7.570990371440968,-4.350624053080252,6.249063231392737,-7.570990371440981,-4.350624053080255,6.249063231392734
