cam_id1,cam_id2,timestamp_sec,X,Y,Z
3,1,155.0,-12.15599749612598,0.0283478993964064,1.109370555200472
12,7,155.0,14.546449924688012,-0.3399234946414587,4.503233477566546
13,3,155.0,-13.349633672526096,-1.190129544299362,2.456772246178041
5,13,155.0,-11.932674075020516,-0.5236038831113689,1.728904278087403
5,13,155.04,-12.028197696122374,-0.4509956301273967,1.6802780530480188
13,3,155.04,-13.355273755882807,-1.2294180971742512,2.4019340338967785
12,7,155.04,0.2819559085101111,-2.996826212604811,2.7634005526084997
3,1,155.04,-12.13180076741183,-0.0018149068346639,0.9669240197771526
1,2,155.04,-11.99405368188793,1.0101386274679574,0.6103149520018446
6,5,155.04,-10.714073906791988,-1.6285455768038222,0.3039582910252946
5,13,155.08,-12.174771473945048,-0.3409712446558675,1.620801686595047
6,5,155.08,-10.696509757698813,-1.6357731241156113,0.1038613785631252
3,1,155.08,-12.090583925117116,0.0694397569326962,0.7305850625926671
12,7,155.08,14.414273995068571,-0.3244166075864395,4.3900862147505055
13,3,155.08,-13.46994323045151,-1.293385111877976,2.3398858127046127
1,2,155.12,-11.929949474869415,0.9597581948501512,0.1760128790892792
12,7,155.12,14.889194409615657,-1.4344760835931418,4.542655151375307
13,3,155.12,-13.527421624395028,-1.371521360384084,2.2590925651005325
5,13,155.12,-12.35838260406719,-0.1933217491307201,1.556328712650448
3,1,155.12,-12.054536676513369,0.0424376172034471,0.5239407263414217
13,3,155.16,-13.650440708917648,-1.4565548865295928,2.1941266480074195
3,1,155.16,-11.999654306151053,0.0974551822586472,0.2553825351502053
6,5,155.16,-10.64617006258022,-1.628674374211987,-0.4061790527766313
5,13,155.16,-12.596151812858448,-0.0161206754453591,1.507881584613157
1,2,155.16,-11.895309439968289,0.9011236256541236,-0.0684403900546464
12,7,155.16,14.888645851094592,-1.4346856170901854,4.5419070144017
6,5,155.2,-10.60892872538532,-1.635408587631774,-0.7076923949118219
13,3,155.2,-13.772898357324197,-1.5568622191268873,2.1251502644127807
1,2,155.2,-11.888386563166533,0.9461875130940576,-0.1518023477171137
3,1,155.2,-12.044479767950504,0.0154843771598861,0.1389071733301625
12,7,155.2,14.884728387976326,-1.4351804211498869,4.542457541555362
5,13,155.2,-12.882910337410092,0.1945062551729709,1.4769022342159577
3,1,155.24,-12.064151068728156,0.0052962166732546,0.3148589759067567
12,7,155.24,14.25049473201351,-0.3074734290836879,4.247324391278873
5,13,155.24,-12.688544930046138,0.0562281303536384,1.492490263179779
13,3,155.24,-13.700986995060786,-1.501391818040948,2.160924021645448
6,5,155.24,-10.616989603302512,-1.6311525567622778,-0.5339456857901429
5,13,155.28,-12.521639170335767,-0.0640657987570477,1.5154286512291424
12,7,155.28,14.306889955459296,-0.3159277373612628,4.297721655040232
1,2,155.28,-11.897721556073757,0.9823351910076566,0.2071226315794095
13,3,155.28,-13.599119146865824,-1.4342143544428974,2.2063255098564976
3,1,155.28,-12.070228922742402,-0.0026788675652724,0.4790443280450894
3,1,155.32,-12.077455238963914,-0.0119783397470977,0.6466255050659045
13,3,155.32,-13.505780585621904,-1.3719118444320526,2.254878644416708
1,2,155.32,-11.902423621501038,1.0020257395561103,0.3660372672292907
5,13,155.32,-12.338583344591424,-0.1873675596281395,1.5444456871936605
12,7,155.32,-8.781920799651894,-0.1271997967490606,1.0982777905583063
12,7,155.36,-8.741364286172162,-0.1316179125853241,1.2266777223559855
13,3,155.36,-13.439102810638174,-1.3239979936308717,2.2972749256537885
1,2,155.36,-11.912045697161586,1.0278963273101471,0.5092797875727698
5,13,155.36,-12.171654534229503,-0.2943633591698703,1.5762146686914151
3,1,155.36,-12.091341971832213,-0.0230695671664622,0.7858943421224869
13,3,155.4,-13.382960131389993,-1.2784314400061645,2.3428017764298623
3,1,155.4,-12.07195152586777,0.0072651240453123,0.9018407728810276
5,13,155.4,-12.063184882659677,-0.386122334447137,1.6240393310829309
6,5,155.44,-10.644952992201246,-1.613819471497931,0.3096543178799016
5,13,155.44,-11.935884124227048,-0.4657194428955033,1.6605758136418691
13,3,155.44,-13.326536402572854,-1.2361653635838536,2.388123416300963
3,1,155.44,-12.064268983065425,0.0201052767905197,1.010679752740484
6,5,155.48,-10.64019454062201,-1.6134850004024683,0.3805871778106502
13,3,155.48,-13.258905446048542,-1.212828776932783,2.4083666116870592
5,13,155.48,-11.875701322664478,-0.5065936179961845,1.6846692698460148
3,1,155.48,-12.092590365932224,-0.0485727431167367,1.1149420792041385
5,13,155.52,-11.833243078088362,-0.5365619609499686,1.7042785906256677
6,5,155.52,-10.641839978638892,-1.6145157802485255,0.4446476326323893
12,7,155.52,-8.751074478978795,-0.1214680098023159,1.5356902585757428
13,3,155.52,-13.21952503640076,-1.1992715592100878,2.4207688207599074
3,1,155.52,-12.060770535865531,-0.0377916026859095,1.1300821827956116
4,12,155.56,1.94394222080356,-3.666926560470516,2.6638956236581133
5,13,155.56,-11.848186381514836,-0.5191285098176248,1.6888714583366498
1,2,155.56,-11.877797575499407,0.9669799772639625,0.7476765651618054
12,7,155.56,-8.830482661550047,-0.1221220669987696,1.4464674138920743
3,1,155.56,-12.025322061371492,-0.0088488008503881,1.0574229877144072
13,3,155.56,-13.22512888070674,-1.2086717025127005,2.408048121764669
6,5,155.56,-10.633972390792277,-1.610110429520611,0.4063510302036734
2,4,155.56,-30.6399950107056,33.10764291070779,-8.193002699509298
13,3,155.6,-13.320720935711035,-1.2552165228610874,2.361153005923699
3,1,155.6,-12.066791778553728,-0.0159040359442795,0.8830438985744777
5,13,155.6,-11.960488874188268,-0.433584436622058,1.6346190987985645
12,7,155.6,-8.740591897605173,-0.1170891839001404,1.3081603229269902
6,5,155.6,-10.62664398249708,-1.608570429648143,0.2481313299078595
5,13,155.64,-12.216486619863325,-0.2643510578989401,1.565333608620148
1,2,155.64,-11.915442223145122,1.0030718067964544,0.271090452991172
3,1,155.64,-12.043829097422329,0.0466416376019862,0.6274208014413551
6,5,155.64,-10.645896205351637,-1.6064138615032229,-0.0271699597329696
13,3,155.64,-13.462224812800942,-1.330705708178466,2.293679762341231
13,3,155.68,-13.620722061641631,-1.419139255845992,2.226720060971042
1,2,155.68,-11.939847094667348,1.012369711277146,0.009658887899505
3,1,155.68,-12.066338259010688,0.0590712946308264,0.3824495531147476
5,13,155.68,-12.482866372905772,-0.0845068956047365,1.5163345945927502
5,13,155.72,-12.827829119580755,0.1414173105064654,1.4869463491954478
3,1,155.72,-12.097642438815408,0.0617477953398284,0.1632792436413668
12,7,155.72,0.9907072796089812,-3.1081388995034303,2.9563086708873025
13,3,155.72,-13.78887431246813,-1.513357044354834,2.168015901131663
3,1,155.76,-12.16029824812537,0.0279277465543212,0.2657790385353983
5,13,155.76,-12.84778499054312,0.1402877733185017,1.493514907973106
13,3,155.76,-13.828193105520931,-1.5189348801779032,2.1709513627562886
3,1,155.8,-12.199128755128834,0.0212338712598188,0.4578954642507408
5,13,155.8,-12.64832553705672,-0.0108427927312132,1.52028269657659
12,7,155.8,-8.906261251122055,-0.0602587472464785,0.9121377028875164
13,3,155.8,-13.74332962890365,-1.4424450932120791,2.2274253688980408
13,3,155.84,-13.671626791228595,-1.3805340848120555,2.277638853932337
5,13,155.84,-12.482807649956971,-0.1419347962702738,1.55716949794575
3,1,155.84,-12.219731294910888,0.0211544474344284,0.6216351136792608
5,13,155.88,-12.35758681913319,-0.2395078192377502,1.5924670177812563
3,1,155.88,-12.232864975914884,0.0389616569688971,0.7612925015136357
6,5,155.88,-10.740746735703349,-1.6370148360695704,-0.0514257656459731
12,7,155.88,0.7860952557446931,-3.126745936599834,2.978278598891195
13,3,155.88,-13.621581633292898,-1.326921455383007,2.328467207368468
5,13,155.92,-12.26381593083122,-0.3462651601890301,1.6591628745664266
13,3,155.92,-13.580799615717938,-1.2733800687329313,2.388322235614502
12,7,155.96,0.7508167643284686,-3.133158939150926,2.963287010580632
12,7,156.0,14.76586825622492,-1.5312964072439497,4.581740918535443
4,12,156.0,-996.7931197194372,1117.2638976045066,-380.54931736944167
12,7,156.04,0.779795922495088,-3.1439954207870606,2.948146474325513
1,2,156.16,-21.72596533926051,-62.92030259063885,19.799688059204872
5,13,156.2,-11.973151516262549,-0.4789817250033029,1.6893078889834163
6,5,156.2,-10.270080940204204,-2.23717959303024,0.4276929294518919
1,2,156.24,-21.945239994123376,-63.38312222813551,19.84071680091202
5,13,156.24,-11.88052001864921,-0.5054538845327845,1.6843067171754844
5,13,156.28,-11.808337541265317,-0.5324501596937978,1.688529636079284
12,7,156.28,14.959870843124984,-1.5118993368799438,4.555232762007555
6,5,156.28,-10.613364106092464,-1.6033358947870524,0.4194398801880352
5,13,156.32,-11.73558123045457,-0.5442946272658701,1.6742978657449388
12,7,156.36,14.573946886966306,-0.3465570340212928,4.499186907553388
5,13,156.36,-11.679309709383274,-0.5677548006658119,1.6817496020006697
5,13,156.4,-11.60083470872005,-0.5908535996922563,1.6802232605159135
12,7,156.4,14.308588033526076,-0.3441660212495515,4.471131360828227
1,2,156.44,-8.572454435983746,18.84383444765852,-4.200212953543919
5,13,156.44,-11.487946201596277,-0.6145965456328392,1.6657160742157828
12,7,156.44,14.310105198149692,-0.3406465156561593,4.472876917699634
12,7,156.48,14.67623064298415,-1.5301663392589946,4.475440689039623
5,13,156.48,-11.40472444959514,-0.6310390576663132,1.6539810464555844
12,7,156.52,14.676448427258569,-1.5316108800878236,4.474932044840209
3,1,156.52,-11.684442077598597,0.0263227914515,1.2294985273989734
1,2,156.52,-23.53097404466452,-66.60716278856738,20.40919424374282
5,13,156.52,-11.316225052062045,-0.6576482315643115,1.654227113408127
13,3,156.52,-12.87888464014572,-1.1568149704638555,2.4267918638300823
6,5,156.56,-10.346518207932505,-1.4352474711104113,0.6292515201802942
1,2,156.56,-23.804160229356555,-67.16858526615525,20.52327500050669
13,3,156.56,-12.82704275070375,-1.1417048646120211,2.443382464988986
12,7,156.56,14.674454785217383,-1.5311994530183597,4.472717596792141
5,13,156.56,-11.218832123803818,-0.6762137260501653,1.639851410359494
3,1,156.56,-11.609186270440182,0.0674398562894026,1.2516052610133497
13,3,156.6,-12.751300846695733,-1.137317332334196,2.4384571635557144
5,13,156.6,-11.09094620224033,-0.7040219562152137,1.6263050557676415
6,5,156.6,-10.291415624518011,-1.3943652833834814,0.6699631000413352
12,7,156.6,14.674870674065978,-1.5322379269537794,4.4728586353905895
3,1,156.6,-11.532826741433023,0.0663594246343821,1.2661886169964134
1,2,156.6,-11.384322804929486,0.8486547039414636,1.0507296821049714
5,13,156.64,-10.914133309352538,-0.7385357685620179,1.6024344371526935
1,2,156.64,-11.315333527105452,0.8259474286276033,1.0642266377910587
6,5,156.64,-10.212724588980826,-1.3328859243373432,0.7108567692378117
12,7,156.64,14.673717265670431,-1.531742467419632,4.471715104780557
6,5,156.68,-10.16722323928274,-1.292798372543884,0.7318864336181803
5,13,156.68,-10.808429728528113,-0.7565458198200804,1.5844358394526648
1,2,156.68,-11.239904794955226,0.7995162966018671,1.0723665898700043
12,7,156.68,14.673213328584978,-1.5319622320879356,4.470980316717485
5,13,156.72,-10.70611883596348,-0.7696817826309884,1.560486921272844
12,7,156.72,14.915794782773135,-1.5060636155899754,4.501001258380512
1,2,156.72,-11.166203513167666,0.772481146437881,1.077637395477503
5,13,156.76,-10.61732817565883,-0.7872474349245369,1.5495367098291044
12,7,156.76,14.9152930573461,-1.5056143284179615,4.500611103751048
3,1,156.76,-11.225502992405325,0.0671647428720566,1.270486492708138
1,2,156.76,-11.088368586024856,0.7337569066616927,1.0905083731785323
13,3,156.76,-12.467538436443094,-1.131990420171993,2.4024089437486915
6,5,156.8,-9.995936601482454,-1.243692503639176,0.7565894126760955
12,7,156.8,1.0825466867468352,-3.096679442765111,2.8120324422674763
13,3,156.8,-12.39266698718973,-1.1359302932394133,2.382742760052825
5,13,156.8,-10.540065349104516,-0.7992961760548255,1.5351492623065373
3,1,156.8,-11.160359505302328,0.0443597121008749,1.2607094466276685
1,2,156.8,-11.021022015519764,0.7134702204695214,1.0805824512157811
6,5,156.84,-9.942858070863249,-1.2314281932602829,0.7477759688605866
3,1,156.84,-11.069770422274145,0.0676959043079417,1.2260362888104035
13,3,156.84,-12.33710542686749,-1.1388916011721162,2.368492605150716
12,7,156.84,14.755115757537643,-1.5177808555657135,4.484280797053523
1,2,156.84,-10.94552082472397,0.6660406027645344,1.0600478638487858
5,13,156.84,-10.470013341018252,-0.8046479940939086,1.512847374541922
6,5,156.88,-9.886090153412688,-1.2090152149237468,0.7345683232097873
12,7,156.88,1.0928628093549244,-3.093333089025771,2.7966144075591406
5,13,156.88,-10.387970047966212,-0.8093891661422853,1.484479128634557
1,2,156.88,-10.877204646223593,0.6418049036126978,1.0485734424723323
13,3,156.88,-12.25685660764222,-1.1430288812406344,2.347607447041775
3,1,156.88,-11.004773708498384,0.039048310492352,1.219501082977936
12,7,156.92,1.1017471558953362,-3.0920816025775286,2.795476182121637
13,3,156.92,-12.18255354862736,-1.1523380908536618,2.3186455697015904
5,13,156.92,-10.38063007335771,-0.8163850159730521,1.4923943871860377
1,2,156.96,-27.486697262493067,-74.3814260164715,22.888178324909525
5,13,156.96,-10.30268001190949,-0.8219990613770465,1.46747208117844
3,1,156.96,-10.838265743375654,0.0075302967632852,1.1542645928905904
6,5,156.96,-9.785105094829865,-1.2310723786543918,0.7117399735940365
13,3,156.96,-12.104221544248356,-1.1627180791810758,2.2873274167408155
12,7,156.96,1.099168569787395,-3.0935115182304087,2.7926499163093923
6,5,157.0,-9.690429473119709,-1.195248741099959,0.6879942628552512
12,7,157.0,14.754795463812464,-1.51747794752681,4.484048452083763
3,1,157.0,-10.735385835666394,-0.0019124741643846,1.1160759078977167
5,13,157.0,-10.167995390762554,-0.8276128419657257,1.417401692095294
1,2,157.0,-28.043356436969532,-75.46792638494527,23.34120957191455
13,3,157.0,-12.012004468794713,-1.1698469138840062,2.2595080541437813
6,5,157.04,-6.464499980503697,-3.8930285966723406,-1.05594404694836
3,1,157.04,-10.62720698842252,0.0033897548824202,1.1016440838221435
5,13,157.04,-10.110434666542425,-0.8327720853090647,1.4002278161836934
13,3,157.04,-11.924056168964276,-1.1729259485439332,2.2398596141297133
1,2,157.04,-10.539637642964918,0.389203523259143,0.9901566927147548
12,7,157.04,1.1062623593806649,-3.0911272524921065,2.786182098914097
1,2,157.08,-29.341351749450936,-77.99144945587395,24.031698200430903
12,7,157.08,1.099765451168152,-3.089802422248788,2.783590464140736
13,3,157.08,-11.804037695979131,-1.1803189375258003,2.2071668558529542
3,1,157.08,-10.531343623618737,-0.0409563108056578,1.1112549300522083
3,1,157.12,-10.442635816156251,-0.0899527261360153,1.1586149559102497
1,2,157.12,-10.343547644861603,0.2749510452322376,1.0894140782657056
6,5,157.12,-9.475850027368276,-1.2061389500083517,0.7418427437497238
5,13,157.12,-10.464794548996071,-0.3177304042058299,1.1646411515458732
13,3,157.12,-10.682504189160902,-0.3089474593979394,1.2654122546361202
5,13,157.16,-10.356473286537112,-0.3554710905762653,1.219658822464342
1,2,157.16,-10.25239703502251,0.2442861323129013,1.1598036181792393
3,1,157.16,-10.362664323552217,-0.1435462479231325,1.2204691904875895
13,3,157.16,-10.583084940610131,-0.3455690121931226,1.3149634233962926
6,5,157.16,-9.404626851745766,-1.2057843856349744,0.8116641836691759
12,7,157.16,1.079897161238874,-3.08424269641492,2.784072466336871
13,3,157.2,-10.458460119768745,-0.3685598972285264,1.407408482029689
12,7,157.2,1.0825479221379388,-3.0764408778298757,2.791557661328901
3,1,157.2,-10.245740941191478,-0.1720184947728316,1.3034216553552984
3,1,157.24,-10.149768710205366,-0.2115356412490327,1.442482343099204
13,3,157.24,-10.324127771611266,-0.3721684303327952,1.5100596428383253
6,5,157.24,-9.245807586252978,-1.1950936642048056,1.0533905298228712
1,2,157.24,-10.03959484242651,0.1382964433630215,1.4070904697982292
5,13,157.24,-10.16810714091387,-0.3810158662096426,1.447135830346718
5,13,157.28,-10.075138045257914,-0.4003138868577133,1.6049988356491427
13,3,157.28,-10.238593971764749,-0.3914837367013877,1.6560973228018598
3,1,157.28,-10.087662231653976,-0.2503784625652924,1.600195506974107
6,5,157.28,-9.174110824267236,-1.1917219394265446,1.231444623663124
1,2,157.28,-9.970835669765348,0.1078120985909776,1.5743766260483534
6,5,157.32,-9.14783402237966,-1.2024939456054908,1.4195107861084184
13,3,157.32,-10.051685516951864,-0.3071682493833185,1.778230849882974
3,1,157.32,-10.054683177715846,-0.2949516584789852,1.7906812251001714
5,13,157.32,-10.16872808216351,-0.3076894149331128,1.838617327034592
13,3,157.36,-10.15141812699403,-0.4441134426215232,2.005403381971193
6,5,157.36,-9.104692353501626,-1.2272052598505134,1.5891768048392307
5,13,157.36,-9.991313245004577,-0.4542997693570913,1.9451965973600591
3,1,157.36,-9.97049304794214,-0.280691161683138,1.9308450265165893
12,7,157.36,-6.968691167168393,-0.3790312653655886,2.2622752557155
1,2,157.36,-9.858234162578754,0.0759588010415851,1.8982699947073527
6,5,157.4,-9.06213561212565,-1.2318532407411076,1.7420112773191387
3,1,157.4,-9.933925924089143,-0.3344308917904331,2.083696638763004
1,2,157.4,-9.807686518822118,0.0510331946424882,2.0636037960151445
5,13,157.4,-9.930957290613817,-0.4776088722341011,2.083485738149601
13,3,157.4,-10.080415164929905,-0.4677773128750367,2.1321439356614205
6,5,157.44,-9.015625049710554,-1.237722888564487,1.882042841834661
3,1,157.44,-9.848366839501503,-0.3299424590660761,2.1884681289314933
12,7,157.44,-6.8486718853163975,-0.4183664163822279,2.504189251250277
1,2,157.44,-9.743329480427231,-0.0145172481668829,2.1829702410295804
13,3,157.44,-10.69197041090986,-1.0442409597791569,2.548971931182501
5,13,157.44,-9.06938087560241,-1.1844409333665296,1.9989673834952624
5,13,157.48,-9.057388600814614,-1.1810010526796932,2.0901661390145083
12,7,157.48,-6.796586728560278,-0.4363988583309175,2.5783431876903187
3,1,157.48,-9.801556713027583,-0.3520051609181781,2.307072262722057
13,3,157.48,-10.630044466219294,-1.0416403784755306,2.6117076738127225
6,5,157.48,-8.981381551690436,-1.2412685300575297,2.0104716676446954
1,2,157.48,-9.691999883618488,-0.0186250707309484,2.2913934692727467
5,13,157.52,-9.0166838899034,-1.1769115948838078,2.153096308346398
13,3,157.52,-10.552974025867613,-1.0452547485676356,2.640879621139132
6,5,157.52,-8.936263674636983,-1.2278838675196468,2.1072270708760312
3,1,157.52,-9.762036820087204,-0.3981290719305318,2.3857699374590378
1,2,157.52,-9.646413217944357,-0.0453217482308859,2.3700418430100068
12,7,157.52,-6.7094597855944045,-0.4712348341993425,2.669857199306588
3,1,157.56,-9.69842603253178,-0.4057657005799349,2.4653464204940936
5,13,157.56,-9.015488800025576,-1.1662897996672352,2.2276185338158383
12,7,157.56,-6.722169290233407,-0.4689107923917925,2.728850108184704
1,2,157.56,-9.589880443166225,-0.0778462169434285,2.453243921864259
13,3,157.56,-10.499794748763716,-1.0486496053063454,2.6859703274380924
1,2,157.6,-9.530245627441063,-0.1242057334475386,2.5068476233203043
13,3,157.6,-9.81520805909808,-0.5654556345225811,2.579995347318793
5,13,157.6,-9.635442723446872,-0.5760375277888881,2.5490723079544417
3,1,157.6,-9.621886341173512,-0.4020907677664898,2.514393871865282
12,7,157.6,-6.673917681609804,-0.4897924928151911,2.7814949012353365
12,7,157.64,14.84361868960345,-0.5146589081584494,4.843651385800578
3,1,157.64,-9.576178692006952,-0.4163694605272228,2.5600885671276346
5,13,157.64,-8.983377166711673,-1.1447159440421062,2.33524512830165
13,3,157.64,-10.405492339470262,-1.059381662392463,2.7468874894240347
6,5,157.64,-8.808774276094349,-1.2303163992127069,2.346489209052628
12,7,157.68,-6.583284422530165,-0.5176028810534388,2.8439858688368984
1,2,157.68,-9.41979779561609,-0.1968970480114392,2.579406971367605
5,13,157.68,-8.986401445941258,-1.1348481344215091,2.375688592380358
3,1,157.68,-9.48912600451196,-0.4063514114244812,2.580984241916323
6,5,157.68,-8.76999735351319,-1.243562223812818,2.3902194722065597
13,3,157.68,-10.352359775129573,-1.0664525651424317,2.7605164711084007
1,2,157.72,-9.375614378209498,-0.1975010349709904,2.592786049806721
12,7,157.72,-6.507835628409409,-0.5431514742925713,2.8557301505059565
5,13,157.72,-8.979467889621473,-1.130245440896446,2.392404212893232
3,1,157.72,-9.45156781693464,-0.4301042865996141,2.604768727714537
13,3,157.72,-10.303560395297898,-1.072919800052945,2.7683468281767585
5,13,157.76,-8.971272003711668,-1.128135709547679,2.3993613150311197
3,1,157.76,-9.386594058327711,-0.4206886352243935,2.59862678068009
1,2,157.76,-9.325202783015971,-0.2325149550880049,2.593785569899798
13,3,157.76,-10.26322682473372,-1.0776876881979789,2.7665556578863417
12,7,157.76,-6.457759224496695,-0.5632343907115912,2.858397610175107
6,5,157.76,-8.71005421836169,-1.2703002328630226,2.4236152953528376
13,3,157.8,-10.187360042549358,-1.0844704494543458,2.7396990736993185
1,2,157.8,-9.281664362854997,-0.2567750939269038,2.573564418999826
3,1,157.8,-9.348293145124648,-0.4613714683588322,2.582733290091747
12,7,157.8,-6.428132893675622,-0.5774519415433571,2.84361782064398
5,13,157.8,-8.939042702352548,-1.1292244389233357,2.3934933209672
12,7,157.84,-6.420781101993192,-0.5857556501090894,2.812089473494828
13,3,157.84,-10.131928068184244,-1.0897056360250184,2.722471330642317
3,1,157.84,-9.315934692309945,-0.4882545197108708,2.558546790572989
5,13,157.84,-8.877526079205428,-1.134644471196422,2.370737413291518
1,2,157.84,-9.247979471247993,-0.2719057492388455,2.514869537148506
6,5,157.88,-8.569212576529115,-1.2645024987666995,2.366481137041501
13,3,157.88,-10.069787287034192,-1.0939433227830055,2.6868135364648023
12,7,157.88,-6.351454587808787,-0.6133403612838028,2.771878356875316
1,2,157.88,-9.190726346780648,-0.3314675583776716,2.4983312732899536
3,1,157.88,-9.238834226467745,-0.4813254814377153,2.5146904276787203
5,13,157.88,-8.809668808879309,-1.1423673729330832,2.339460521489785
13,3,157.92,-9.453518567579671,-0.7365225966348328,2.622204123012758
12,7,157.92,-6.150318172155561,-0.6558854321799934,2.7956049483911567
5,13,157.92,-9.17329833441741,-0.7518308484048308,2.579713194586448
6,5,157.92,-8.515705295840922,-1.2997623154944118,2.314841984427562
5,13,157.96,-8.893524791450853,-0.8058104518860442,2.7130398131180877
5,13,158.0,-8.364827088131822,-0.9267916162796662,2.8468485676110475
12,7,158.0,-5.322438937132208,-0.8476571082281193,3.073716928815029
12,7,158.04,-4.9147275865617335,-0.9357337147004728,3.197539570514242
12,7,158.08,-4.5623534355191175,-1.0227950827559824,3.314933956675232
5,13,158.08,-7.479372367161333,-1.1024642085531686,3.089681748488314
5,13,158.12,-7.07228286121639,-1.1965106796758649,3.2210797792829484
12,7,158.12,-4.131552369932904,-1.1220948983767112,3.40467098599217
5,13,158.16,-6.617041772452596,-1.2805012160048066,3.3198196790089747
1,2,158.16,269.1300710270848,523.8219706210946,-103.3113922969994
6,5,158.2,-5.85041775744514,-1.6519126887867368,3.301219713829625
5,13,158.2,-6.208347938659858,-1.3645795110895371,3.3841235180388014
1,2,158.2,-5.898631746560697,-1.8689252857080825,3.5489116289283364
12,7,158.24,-2.9474241820974165,-1.371874987065994,3.596204803345429
5,13,158.24,-5.787359098886267,-1.4500889994993649,3.437258124616858
6,5,158.24,-5.433663736000618,-1.733814966621095,3.368534003077562
5,13,158.28,-5.412923619934401,-1.506408799281145,3.46871505912036
1,2,158.36,-4.230814984992734,-2.197667846054025,3.635438737394297
1,2,158.4,-3.825849774860073,-2.2398289076175004,3.614907279887063
12,7,158.4,-1.4884381127773183,-1.6814746850764084,3.644270045877702
12,7,158.44,-1.1303686330360383,-1.765345472620875,3.6058832288033247
12,7,158.48,-0.7956197210917451,-1.8384333430572035,3.5681103155519027
12,7,158.52,-0.5237303007139069,-1.904641947586447,3.485826717808441
12,7,158.56,-0.1304991141483023,-1.977294868473638,3.4057693911655424
12,7,158.68,0.7264714253607282,-2.1624516635738305,3.0760151155580977
1,2,158.72,-0.5212412916887678,-2.1540974655729395,2.720851393238742
7,8,158.76,0.3619707807949644,-2.3451024997929024,2.601944856325119
12,7,158.76,1.272188918683193,-2.267979183290727,2.759101149551789
12,7,158.8,1.60991717429829,-2.307668998917444,2.606317658470895
5,13,158.8,-0.6022876282682703,-2.267140626890967,2.577141212483478
2,4,158.8,0.3909437670960346,-1.297778310297417,2.16709545516241
1,2,158.8,0.3051566961872995,-2.016532460044491,2.312463689366018
4,12,158.8,1.1191363976358617,-2.165057853855686,2.31413584690688
7,8,158.8,0.6791336769725662,-2.387547328743759,2.463672871098896
2,4,158.84,-5.577542429960577,6.156744289049438,-0.2229491948023718
5,13,158.84,-0.3647294824145653,-2.268818054885739,2.411895140241212
1,2,158.84,-2.923565213967981,-5.754455155966621,3.1020659758446105
5,13,158.88,-0.042217461521762,-2.2873139498862454,2.246295605542148
7,8,158.92,1.6824131834355316,-2.506402494201849,1.927907157249128
8,6,158.92,1.513642943543135,-2.649635445868934,1.9704094986078
5,13,158.92,-14.399447486220463,3.6305775366306943,4.638778925950063
6,5,158.92,1.5683922989008496,-3.0704925817748614,1.8759918335725103
2,4,158.92,1.6695292481958446,-1.854320192922268,1.7470410053103504
5,13,158.96,0.5338999186543594,-2.31866038179332,1.88332293206986
7,8,158.96,2.005899342415072,-2.5391738170379434,1.7330082297864913
8,6,158.96,1.8769132428744573,-2.6579928090700697,1.7753763347343432
2,4,158.96,2.06660864020829,-1.98752147374526,1.5811614078480112
6,5,158.96,1.946636845326496,-3.135364378043318,1.6199302363485248
12,7,158.96,2.7565150865842307,-2.4620492895088235,1.847052076803676
4,12,158.96,2.309481610148054,-2.308501617672816,1.6217260525363226
1,2,159.0,2.5570002231305757,-1.3705688355997911,1.0791314396938607
5,13,159.0,0.8618420346814968,-2.347405516480452,1.6950970492198891
2,4,159.0,2.4592874011464114,-2.150996996631512,1.3815590705909078
7,8,159.0,2.375445927921574,-2.550799063930648,1.5171034243144963
12,7,159.04,3.3486514491183854,-2.518569157225463,1.385458254499938
4,12,159.04,2.909406501330003,-2.3576704674878446,1.1714341394481935
2,4,159.04,3.058757165792279,-2.5675819973945107,1.2299969430435893
5,13,159.04,1.1307719063115258,-2.352775369416703,1.5055708110495898
7,8,159.04,2.690925618239984,-2.590605342358138,1.3008265867177626
5,13,159.08,1.404988146119047,-2.3640274508113293,1.331615779719615
12,7,159.08,3.5958221425722807,-2.5383140777333058,1.1113388077888746
8,6,159.08,2.946554125619538,-2.700062291161425,1.110319064192648
6,5,159.08,3.029793412548893,-3.2498421448219013,0.9855704444356764
7,8,159.08,3.0510847272286217,-2.6001577306294004,1.0514245302368077
5,13,159.12,-47.46716071298052,16.688700674792354,13.11744609643612
2,4,159.16,3.475067800346612,-2.310166682144281,1.3144182790693155
8,6,159.16,3.333742071552803,-2.4056575874233066,1.2298605141308454
2,4,159.2,3.474474388961753,-2.167340770031628,1.5968217310710933
5,13,159.2,-65.36136508605195,23.373716697493577,17.503436620831074
5,13,159.24,1.835816784588008,-1.9821210230713775,1.6914098509324855
2,4,159.24,3.437064776307596,-1.9901101045533889,1.8065104574860664
7,8,159.24,3.390551451321341,-2.003485626211249,1.782714713513491
8,6,159.24,3.297773593873752,-2.0855571098418704,1.7578458910016037
6,5,159.24,3.475788989328101,-2.89838069273837,1.2969924424671515
12,7,159.28,3.671449858948879,-1.7974432696077447,2.1536156184244866
4,12,159.28,3.326492485766741,-1.6540090142577306,1.9840645855541128
5,13,159.28,27.731364958448516,-12.499991449800882,-5.113454960415587
7,8,159.28,3.3817458333523307,-1.815818023945032,2.0189378115277363
2,4,159.28,3.41766760951591,-1.7758865545779534,2.0367329703276464
7,8,159.32,3.4320563493493683,-1.647560617219335,2.240804231916157
7,8,159.36,3.397962445863893,-1.472508295169538,2.440916140949545
5,13,159.36,-60.06080545962968,20.860428878135284,15.29457201705218
8,6,159.36,3.308141351605251,-1.560322032502849,2.439357825315961
2,4,159.36,3.384500917002866,-1.4136651064143853,2.464940414093208
6,5,159.36,3.523483063862903,-2.531163575080649,1.971572640313
1,2,159.36,3.688134950443635,0.2391488747261226,2.011942475476552
4,12,159.4,3.270935090428504,-1.1339775969974644,2.5943820643084248
2,4,159.4,3.348510678050533,-1.2342213766479946,2.659874680236664
1,2,159.4,3.638954419950911,0.3636595215739168,2.2329380404170127
12,7,159.4,3.562345826634998,-1.26163887884095,2.7396833745943536
5,13,159.4,1.1379970613345387,-1.2477870859788187,2.562494516130967
7,8,159.4,3.46186002991217,-1.258840145111858,2.6381647594646056
8,6,159.44,3.296816857769611,-1.2318128984279957,2.794595662403315
7,8,159.44,3.416417448327957,-1.1284825964424057,2.811138737925989
2,4,159.44,3.3489262417296874,-1.053605546950742,2.826094765936844
1,2,159.44,3.640692840453157,0.5437594104353259,2.403756217651268
12,7,159.44,3.6216423771843895,-1.1333791413090957,2.944671359072609
4,12,159.44,3.3000095077554654,-0.9960356694640624,2.760791297978084
1,2,159.48,3.6038119563173097,0.6886062857921955,2.568842877854745
4,12,159.48,3.243951693566444,-0.8106131888816313,2.9012178550279235
12,7,159.48,3.569565583749534,-0.9564898813778254,3.0707034030096803
2,4,159.48,3.3151792970628184,-0.8989399566800516,2.980505644258048
7,8,159.48,3.408074231332227,-0.9553235566127573,2.972539733165497
7,8,159.52,3.4720060749779247,-0.7708609596007789,3.109635834368806
2,4,159.52,3.315992165328145,-0.7274138465230491,3.118466833987471
1,2,159.52,3.605769358173752,0.8597391906689817,2.7131781630181995
12,7,159.56,3.57159040975616,-0.6202470887835775,3.3536508164394108
4,12,159.56,3.2000523062184367,-0.4520094995546811,3.1362772937321477
7,8,159.56,3.4792830774449084,-0.6029176000894794,3.211882306235803
2,4,159.56,3.2826027604826997,-0.5569766587480289,3.2234103553562834
1,2,159.56,3.558505380703213,1.0046890342377663,2.865119539794974
2,4,159.6,3.2597126876517493,-0.3696903552897379,3.32865870719618
1,2,159.6,3.5313833426382795,1.1470062166554629,2.97061442158376
1,2,159.64,3.527749805833924,1.3217721423725697,3.0754363308772805
2,4,159.64,3.250136806316621,-0.2132767795218023,3.440377643472505
12,7,159.68,3.4892137227603173,-0.1240936744405124,3.622458726693139
4,12,159.68,3.191965054643165,0.0118672129930927,3.423423564607978
1,2,159.68,3.546254146205144,1.518260439044006,3.169119731335871
2,4,159.68,3.260331735586937,-0.0704678190254348,3.5219322684975256
1,2,159.72,3.500059919307347,1.6231573906988856,3.2499610863799946
2,4,159.72,3.233089191718788,0.1387480228183819,3.574396128952834
4,12,159.72,3.161349423581481,0.2267704039444442,3.482416692582841
12,7,159.72,3.550987747145387,0.0406043068866291,3.7267882409702175
1,2,159.76,3.5006694217956973,1.8327662519679533,3.2942024535885546
4,12,159.76,3.1492103331348105,0.368665433827505,3.526555468158273
12,7,159.76,3.479649409614491,0.2112808016290409,3.7371209952038416
2,4,159.76,3.2204685607600267,0.2823814373128743,3.631089842087498
2,4,159.8,3.212511403312332,0.4735420300655327,3.651797560666985
12,7,159.8,3.488843143105363,0.3693762146263186,3.7881097049404175
4,12,159.8,3.165798587412161,0.5205818855435995,3.554169666735191
1,2,159.8,3.482507606506119,1.9624321408020349,3.333803338145254
12,7,159.84,3.476780158539733,0.5243365737740314,3.811409629255313
4,12,159.84,3.145911115976842,0.6843265290507454,3.590484024121916
2,4,159.84,3.197526785445628,0.6296023340657653,3.692424914624874
1,2,159.84,3.471411893788731,2.110321252908783,3.36295994231647
1,2,159.88,3.4052590018530307,2.211134328777377,3.3770513266469178
12,7,159.88,3.4043224138392647,0.6907211891042524,3.817355424962611
4,12,159.88,3.1588466845308,0.8067944845282816,3.604384954518909
2,4,159.88,3.1511189834034807,0.8486198927727587,3.684902444548957
2,4,159.92,3.1474819323555185,1.0130727556422048,3.6774206966314105
4,12,159.92,3.1535532726338347,0.9713279680161288,3.588418822153568
12,7,159.92,3.391819404201915,0.8614128237295577,3.812718812579742
1,2,159.92,3.403958941198646,2.3731067066854976,3.3763138438401405
2,4,159.96,3.1394836075014934,1.1372987595655928,3.6607347369660177
1,2,159.96,3.39590452832383,2.5139831831427,3.358399037386528
4,12,159.96,3.1285955533820524,1.1243044603351182,3.5747280212172385
12,7,159.96,3.365662141718143,1.00829106743387,3.7862250112135434
12,7,160.0,3.3284849917334074,1.1898219880586145,3.73912873117045
4,12,160.0,3.112349895422996,1.2981199457344323,3.5387875261684623
1,2,160.0,3.393337283070643,2.6775623225462506,3.326218082956913
2,4,160.0,3.1321320248652342,1.2985403083189488,3.630783710543024
1,2,160.04,3.362544251823953,2.809080745776223,3.2758604387933565
12,7,160.04,3.307087042895517,1.3480181525651391,3.7022314959026392
4,12,160.04,3.1176589656586957,1.44262409590098,3.505948925763606
2,4,160.04,3.1068102515860048,1.494166774999059,3.58662485757128
1,2,160.08,3.320322779490821,2.929740432380605,3.2289658935677696
4,12,160.08,-1196.836980550961,1854.158273853851,-420.00818014395526
12,7,160.08,14.92235173848418,0.2856605989891917,4.639670818160084
2,4,160.08,3.0806517711840904,1.6676975030021948,3.51158531581591
12,7,160.12,3.2168916261493927,1.67486578929709,3.52256265240143
4,12,160.12,3.09665576784428,1.733537648854929,3.35798189245947
7,8,160.12,3.6242575344229047,1.6635695607731376,3.4805645415404447
1,2,160.12,3.371176769287812,3.1204888347728885,3.15141289441961
2,4,160.12,3.1126670337948075,1.7417938146580645,3.4488789439659144
8,6,160.12,3.553490740851943,1.5725939188621536,3.56076673327571
12,7,160.16,3.1866060073911,1.840046537994478,3.43517361085185
4,12,160.16,3.078984391430182,1.8923827704498184,3.2666778617774512
1,2,160.16,3.312251219308757,3.2093221650874284,3.039812039716177
2,4,160.16,3.0738962351778083,1.9330760041801616,3.337821144493
7,8,160.16,3.645841797440295,1.8198676322347611,3.409715599871192
7,8,160.2,3.75089569967778,1.9693912689835071,3.323553215727506
1,2,160.2,3.297350914718637,3.3522639191515533,2.941565955496238
8,6,160.2,3.583531298184456,1.841495440560156,3.369265289846715
2,4,160.2,3.0619502574564468,2.111881773262988,3.241916603186685
12,7,160.2,3.1479260802856657,2.005171404923096,3.337295168674125
4,12,160.2,3.0908266645741485,2.029582265314359,3.1829084586059446
2,4,160.24,3.036556226151876,2.2825652324491563,3.1058949788097165
12,7,160.24,14.630411071230355,0.6119594140475023,4.417192330864988
4,12,160.24,-146.62469682931945,240.0228798675436,-54.79122883673119
1,2,160.24,3.2692510014338234,3.4773067143240133,2.833271809408943
1,2,160.28,3.252083736518689,3.616052437870524,2.691449468397731
4,12,160.28,-117.83260021252076,195.46656869346435,-44.76993507037679
12,7,160.28,14.546893933935092,0.6910221797422729,4.354867548434774
2,4,160.28,3.0170157319811337,2.409480060288441,2.994539153393924
2,4,160.32,3.0141250893059657,2.548194210058724,2.830154909494904
12,7,160.32,14.433035865732172,0.7911701637694509,4.270716271388441
4,12,160.32,-86.90702617013217,147.40915202101323,-34.011062897387525
1,2,160.32,3.243928538372161,3.754134202853277,2.5552407013855896
4,12,160.36,3.0278315058468714,2.605722176870088,2.6107214348734944
12,7,160.36,3.0136462911093047,2.6237200846778324,2.747627382948024
1,2,160.36,3.236257391350877,3.881691593663801,2.375121857609575
2,4,160.36,3.005965087996724,2.682805028314784,2.673712363807493
1,2,160.4,3.2307279334911003,4.034588617304294,2.2069874797833138
3,1,160.4,3.023948177944616,3.734935090838791,2.127380844260065
13,3,160.4,0.9845186976996468,2.566522074103901,2.59052628874254
4,12,160.4,-37.38617819737227,68.49912062293284,-15.030554608952718
12,7,160.4,13.481714388276124,1.064643748796388,3.9585984215144703
2,4,160.4,3.001299059425333,2.829203855690826,2.52712319335907
4,12,160.44,-30.158808641688896,57.47980939986604,-12.727208655957696
3,1,160.44,2.939841216692212,3.76615100092761,1.9768727145006424
1,2,160.44,3.199970359875909,4.132803052628299,2.004251244281316
12,7,160.44,14.58636049806861,-1.53283507894473,4.450062303107894
13,3,160.44,1.1310036037909432,2.7241785081028294,2.4222138326685365
2,4,160.44,2.9821303380021007,3.020944799961174,2.3089975472235205
13,3,160.48,1.1412457144610335,2.8567646454740245,2.2321543363381084
12,7,160.48,14.586303917573629,-1.5327696095674526,4.450029158572533
1,2,160.48,3.1502353242852745,4.226660888306867,1.8238458413881575
3,1,160.48,2.9053089680180664,3.881940172901851,1.8009777393062711
4,12,160.48,-25.640500947691656,50.41821704007607,-11.30448539653325
2,4,160.48,2.948276998936395,3.1357860136851303,2.1135333668796603
12,7,160.52,12.823805901321686,1.4486303879865807,3.511277838023967
13,3,160.52,1.138587562116762,2.9883207038011115,2.0387898957661124
2,4,160.52,2.9299609222109466,3.295482426863093,1.8955480178203228
4,12,160.52,-21.484806006454,44.0686715489388,-10.008234112377444
1,2,160.56,3.035023561425123,4.182141074018554,1.888136355103176
12,7,160.56,13.125892042322116,1.3819778336474693,3.711876253995667
3,1,160.56,3.289454114984199,4.430140970319506,1.527514000409985
4,12,160.56,-24.95700099243877,49.70828867082765,-11.077295733511493
13,3,160.56,1.1245924237569471,3.084880810927209,1.9977793798753625
2,4,160.56,2.9229860808261705,3.312672381877468,2.0352371038044814
1,2,160.6,3.02805534549474,4.167888565335797,2.309413862823806
3,1,160.6,3.2628055599683723,4.382162360850064,1.9355534029470576
13,3,160.6,1.0578232368792777,3.021916923175708,2.3613745621730184
4,12,160.64,3.020469636836569,3.1241199206829093,2.8127808596919044
3,1,160.64,3.2414005590290547,4.3396237192382765,2.2929260816091057
12,7,160.64,2.9150910129875247,3.2023063999006136,2.9691065215418138
2,4,160.64,2.918866977762934,3.326578751763508,2.786353990527547
1,2,160.64,3.0420123675895017,4.1698682466631,2.660564998590502
13,3,160.64,1.0021699494878775,2.9681017800588725,2.713404336397043
2,4,160.68,2.955583200379799,3.2884387181472987,3.148573460331232
1,2,160.68,3.095068027590474,4.217126218448487,3.0229721104985527
13,3,160.68,0.9448939954586816,2.9162360741103224,3.021258615155273
4,12,160.68,3.0729084677451164,3.055680577900372,3.17131829365607
3,1,160.68,3.2625321846274984,4.333111018183563,2.6310253276958324
12,7,160.68,2.9105309070796395,3.172593301728041,3.2952768824044694
12,7,160.72,2.934728156232652,3.1276724120369623,3.6221232828253034
3,1,160.72,3.28062416313123,4.311810535057725,2.9514438156458644
2,4,160.72,2.969727462649271,3.2726310678110098,3.480035210363341
13,3,160.72,0.885841624134296,2.864082538713717,3.333341401600475
4,12,160.72,3.1037669710853044,3.005872784426429,3.486649099080664
1,2,160.72,3.123191045364293,4.2047327572340905,3.3371922796096687
1,2,160.76,3.1295610041442146,4.173245155542538,3.671661875770112
3,1,160.76,3.31789175244541,4.31141527649052,3.261901502543469
4,12,160.76,3.085367451287486,3.019101353021913,3.7863041550561127
13,3,160.76,0.8494545481356315,2.822971728725217,3.608451392314156
2,4,160.76,2.976481425561617,3.240344359835939,3.790225638673695
12,7,160.76,2.998734890220394,3.0863492490610054,3.953893240064623
4,12,160.8,3.114899289205741,2.9922986398875544,4.065384244256067
3,1,160.8,3.31095073239787,4.297969538644935,3.553547029964744
13,3,160.8,-10.440333299468763,-2.734044646944872,4.4441290575597066
1,2,160.8,3.145669259670498,4.191415052239623,3.970618792979229
2,4,160.8,2.981243592923014,3.263422155744745,4.08387209388824
12,7,160.8,3.113989939690306,3.004219936234255,4.262738806302862
12,7,160.84,3.1417475964192554,2.9736037961737667,4.567436688409428
2,4,160.84,2.988658621129832,3.2513372027742133,4.349365192957538
4,12,160.84,3.126774426860428,2.970242222755305,4.3302477242530735
1,2,160.84,3.1595340170520134,4.181075377354042,4.259071199089983
4,12,160.88,3.144942649854201,2.92751834238216,4.573580593331734
2,4,160.88,2.9976014913537683,3.222253340203782,4.594629861555401
12,7,160.88,3.150189104464546,2.9388968272612703,4.80532047945713
1,2,160.88,3.1692032750377384,4.162318992434304,4.493845704572063
12,7,160.92,3.2126866543633152,2.878685376930492,5.049051177212838
2,4,160.92,3.0116053103167517,3.2539644667071146,4.868517265235
4,12,160.92,3.210517833552489,2.862253761631889,4.832292697736613
1,2,160.92,3.1902353348108097,4.124064358281182,4.743548208870209
12,7,160.96,3.2729272680423405,2.82501533568848,5.270014616803476
1,2,160.96,3.21834734187044,4.131989034483026,4.984512977187461
2,4,160.96,3.032220478296378,3.1744312834415886,5.0520787979243
4,12,160.96,3.186538936689224,2.8605792911734254,5.00077010027749
4,12,161.0,3.212540533893293,2.8187215441780205,5.208494379640472
12,7,161.0,3.288171761317411,2.7913900596065195,5.471134896095538
12,7,161.04,3.3556683938816487,2.731171892714288,5.674101991547795
2,4,161.04,3.040834720919492,3.158743149871236,5.443770101620092
4,12,161.04,3.2292729931402078,2.784240380427218,5.382949544074488
1,2,161.04,3.2303243846421896,4.105360241926606,5.373920430771148
4,12,161.08,3.2438563133652183,2.756262037779502,5.561238494808281
2,4,161.08,3.056002466030137,3.13219437574362,5.637522940699159
1,2,161.08,3.263407454410431,4.134005126646621,5.554326149159327
12,7,161.08,3.402818297092269,2.6841842665739293,5.850936245587206
2,4,161.12,3.072995086401123,3.1069929879917777,5.743578457179168
4,12,161.12,3.2770566185301853,2.696286525606852,5.655424133468253
12,7,161.12,3.396147459461292,2.658292700430165,5.998008710163205
12,7,161.16,3.450431099604192,2.598100832103144,6.148671049683242
1,2,161.16,3.289903838509047,4.085455197215565,5.875078728365349
1,2,161.2,3.3011630119422684,4.063104194616964,5.990965383757031
12,7,161.2,3.4849872634242085,2.5471284809645365,6.26558401343118
12,7,161.24,3.532287536196346,2.496946191912573,6.375282474359572
12,7,161.28,3.5919641897526207,2.4409805574240533,6.475670130584858
12,7,161.32,3.600697610677716,2.400731168242746,6.547510876422886
1,2,161.36,-11.62266105417568,-17.78717043054056,6.842391440440248
12,7,161.36,3.6200168495331297,2.3621695611006515,6.612093445810727
12,7,161.4,17.27057777268463,0.0484694663966266,6.044709830840281
1,2,161.44,3.389057122828916,3.884886678819912,6.419524012397818
12,7,161.44,17.286332549065353,0.0332447270795424,6.057675660824224
12,7,161.48,17.29960053756535,0.0164077215782408,6.070658007972408
1,2,161.48,3.3852115948730583,3.825194998910441,6.4739531837619735
12,7,161.52,17.293134877107875,0.0048518248616485,6.074436152565966
12,7,161.56,3.74498806321596,2.1295323816617304,6.770686173661321
12,7,161.6,14.585989503132708,-1.5320760759999543,4.449571423516752
1,2,161.64,3.4780401810849324,3.720942149375053,6.423617735970033
12,7,161.64,17.228949015491676,-0.0221062633643436,6.066379412917677
1,2,161.68,3.495403358693352,3.70841144348932,6.396271397676844
12,7,161.68,11.56306920939024,-1.9084254274131407,4.936680767978868
12,7,161.72,8.022228527544064,-2.232431352837101,3.658004068797452
1,2,161.72,3.498073635683157,3.645593780085508,6.33116388046838
12,7,161.76,3.7511504552342583,1.9411803746950305,6.54082280002788
1,2,161.76,3.51883997324667,3.610822382397826,6.263371707551385
1,2,161.8,3.5419954896413794,3.586669041479683,6.1842091587758405
12,7,161.8,3.719594913635385,1.9084273456358345,6.480012723284957
12,7,161.84,3.716476145055332,1.873182098484756,6.38490664450278
1,2,161.84,3.5411759794993123,3.5559476241105177,6.070516651512376
12,7,161.88,3.7533506850690825,1.822699688026579,6.277910387612952
1,2,161.88,3.567241504709671,3.5117342540016785,5.94829335174964
1,2,161.92,3.580200643012774,3.455670669807963,5.829930608441601
12,7,161.92,3.7197428934762993,1.7913108389005163,6.150527668442779
1,2,161.96,3.585218428204603,3.4095323310988466,5.687957984974273
4,12,161.96,3.3828412822404186,1.8987380964820824,5.676207260099373
12,7,161.96,3.724209394813709,1.7458869489024451,6.008651752291603
2,4,161.96,3.293800256278259,2.10176827915678,5.822692832174349
1,2,162.0,3.6034929212074873,3.3676181944209413,5.520482861500222
4,12,162.0,3.4169282814558404,1.852160482665697,5.586834544518014
2,4,162.0,3.3063183375995764,2.0892380007762896,5.726607557305727
12,7,162.0,3.7210148361367534,1.721252490891773,5.864463830419081
4,12,162.04,3.4253382132244856,1.8038750152353535,5.425308187662099
1,2,162.04,3.620799113634898,3.342706068073649,5.325239684782298
12,7,162.04,3.705924296507397,1.6878073378777705,5.699598816913028
2,4,162.04,3.314440143544767,2.040793151961666,5.561389100009281
1,2,162.08,3.640968387194304,3.2953068045308744,5.152472670513985
4,12,162.08,3.41780040202883,1.7566050884183062,5.25356354905154
2,4,162.08,3.332381566350777,1.94848779009512,5.385825152122929
12,7,162.08,3.6659738082747655,1.6527458002387632,5.517051577810953
12,7,162.12,3.641261698132221,1.6143524346026803,5.3185962701119
1,2,162.12,3.6641294199055,3.2555671287934813,4.949682342996344
4,12,162.12,3.427553360584464,1.6995617377744614,5.07253346793082
2,4,162.12,3.3499418271536983,1.8768504554216785,5.202189171442383
4,12,162.16,3.431171814206307,1.6580403179659824,4.86675900323213
1,2,162.16,3.68162084439957,3.200174359745425,4.715049148546171
12,7,162.16,3.651196008342639,1.5707728357090904,5.118413374650261
2,4,162.16,3.363693628467774,1.816790229358842,4.99297422946675
4,12,162.2,3.430994992631643,1.6286241730402151,4.655143843443051
1,2,162.2,3.688654666755086,3.15726235572292,4.485659312112567
2,4,162.2,3.366886044098775,1.7822715208372408,4.78269301744288
12,7,162.2,3.625919069268343,1.5532293923045095,4.889139547057427
1,2,162.24,3.7053661553420927,3.1126001578784708,4.241963348460382
2,4,162.24,3.381143690858527,1.7178699477531918,4.5539269092297765
12,7,162.24,3.611087106198168,1.5036506198559418,4.655377816404296
4,12,162.24,3.4459435718853078,1.5637370303806046,4.432043605958915
1,2,162.28,3.696277215199945,3.0529474805923065,4.016984192128425
4,12,162.28,3.461598568314589,1.5109920868937483,4.205853015941123
12,7,162.28,3.576063183040291,1.4817746668366132,4.403365041202938
2,4,162.28,3.385754497702795,1.6823844555244931,4.32253238494375
4,12,162.32,3.4479148403330986,1.4807007782101351,3.943541976812029
12,7,162.32,3.543127087345066,1.4682625395096356,4.119741508903479
2,4,162.32,3.394750366494625,1.609028190925831,4.062968971804484
1,2,162.32,3.7245598382728367,3.0153674829320662,3.68575568510247
12,7,162.36,3.4989233445541523,1.4338070489478008,3.837902417379877
4,12,162.36,3.455029527707353,1.4177163968437478,3.664056697299208
2,4,162.36,3.396472033599792,1.5567973830406658,3.778568890018681
1,2,162.4,3.783678106842238,2.971979340583422,3.096442332724022
2,4,162.4,3.444106640796276,1.436746590663899,3.504469915809993
12,7,162.4,3.470210795591792,1.4188325056940196,3.525854001280732
4,12,162.4,3.433986203802399,1.4181049882640135,3.390812809111426
2,4,162.44,3.4321833903644725,1.4131022269250189,3.209989544327439
4,12,162.44,3.444052753486628,1.3559335407288438,3.109267237518206
12,7,162.44,3.397461620935156,1.399597474024633,3.2135200614850823
7,8,162.44,3.733294352106373,1.3873273565834747,3.242295661778388
8,6,162.44,3.8537256017940025,1.3837630238489218,3.3804981774922984
1,2,162.44,3.769352245615576,2.927869013209829,2.7860203205241336
1,2,162.48,3.759075257999245,2.8609966621494256,2.450268047039996
2,4,162.48,3.426140270617996,1.373588597591829,2.8991553895913005
12,7,162.48,3.4163720849686547,1.3605379526121144,2.9124162125687376
8,6,162.48,3.829903539842488,1.367828915715661,3.067164705696985
7,8,162.48,3.6869472743831735,1.3539891269680666,2.942697817862765
4,12,162.48,3.428717484017064,1.3341331953869249,2.798243545589233
8,6,162.52,3.7972246690429183,1.360491543838567,2.7925701832751826
7,8,162.52,3.72714233342069,1.3607623277307517,2.765059781776907
8,6,162.56,3.3869879851725884,1.3090691849895912,2.870361790112459
7,8,162.56,3.323461682482128,1.3157823669216062,2.8373235130083234
7,8,162.6,2.9500987610524345,1.3056676951749877,2.86824470805162
8,6,162.6,2.928509026809407,1.2540508534387242,2.90070348289402
7,8,162.64,2.6226574691858278,1.2902639441447046,2.9249530405258257
8,6,162.64,2.497890714114732,1.1924462900033328,2.9429560353680757
1,2,162.64,7.976931288893042,10.154076368654986,0.2998698482982082
12,7,162.64,1.932839657241925,1.3032720035709644,2.954691338191598
7,8,162.68,2.303524758445277,1.2962415738977344,2.95737477777699
1,2,162.72,-4.42185356790732,-5.550683528328045,3.708424592601004
2,4,162.72,-14.3641673208659,25.32456011016761,-3.6713411606173616
7,8,162.72,2.045858813924378,1.2438199616742691,2.9743017986169757
1,2,162.76,0.7974229098846701,2.1997286444708024,2.77736902930824
2,4,162.76,0.7334912120385022,1.7927187110533902,2.791067010434224
13,3,162.84,-8.728799510809738,-2.198189611058349,3.513355562067002
3,1,162.84,-0.0197362103871358,1.9976881224182947,2.5590810982527747
3,1,162.88,-0.4909571410649909,1.8390038537157023,2.5613138586178543
13,3,162.88,-1.7585399995954551,1.1149935117616057,2.859664614751947
13,3,162.92,-1.9735901680102683,1.1238244995667104,2.7864428687530785
3,1,162.92,-0.962517176655031,1.7077611182194026,2.528816119487732
3,1,162.96,-1.3295558557562186,1.683292816183985,2.451897980402224
13,3,162.96,-2.286554697346536,1.1222915129778523,2.713297375154481
13,3,163.0,-2.57618896088684,1.1010310272153545,2.6195598008037897
13,3,163.04,-8.26028477906407,-1.6799047506907332,3.0736269238060934
13,3,163.08,-3.178772146008684,1.074954442628015,2.3960067650833565
13,3,163.12,-3.4698815437534547,1.061679245029457,2.2504827522966204
5,13,163.12,-3.5994416211927924,1.0527100680387809,2.315125178632843
5,13,163.16,52.74070361745048,-20.801886262113943,-13.319147491275464
6,5,163.16,-3.4859133886858307,0.8661137836881742,2.1111166342397936
13,3,163.16,-8.333403534594384,-1.5472481160940106,2.768724093873088
12,7,163.16,-2.5753898068895857,1.018979362616095,2.0604395060811744
6,5,163.2,-3.8362837472344378,0.8639098853888064,1.9426714280024708
5,13,163.24,-4.379700331238849,1.0000563383044538,1.7564120155815877
3,1,163.24,-4.080040263412703,1.189009023896501,1.566643607031762
4,12,163.24,-6.440818416097232,5.074120461422914,-0.0014688261391794
13,3,163.24,-4.383733357814438,0.9956751216083948,1.7080006861257084
13,3,163.28,-4.706557113618405,0.9845473878829728,1.501147276115283
3,1,163.28,-4.404780846063465,1.174502880152956,1.3674138580936517
5,13,163.32,-5.009751996173823,0.967064843082096,1.3124732403700092
6,5,163.32,-4.824076714508537,0.8731889529057013,1.3262066117433011
13,3,163.32,-5.045413696287793,0.94545371874201,1.2897711211519858
3,1,163.32,-4.738618661928544,1.133436312213722,1.146462972002129
6,5,163.36,-5.1200231055039085,0.8594497761003056,1.1040100190696438
13,3,163.4,-5.899098136629988,0.7478177267864685,1.007021468695045
3,1,163.44,-4.819267052648801,1.2177840676625329,0.9069185586720424
13,3,163.44,-5.8612460455555215,0.5072066666077424,1.2536053299318597
5,13,163.48,-5.072918540771876,0.2552754355987514,1.3109688545782592
13,3,163.48,-5.874468892852083,0.2143847202564386,1.5706862210218584
3,1,163.48,-4.5757258150958,1.0732492357514345,1.1580702748799183
1,2,163.48,-5.190348908252526,-0.1488909922697618,1.6580873214171716
6,5,163.48,-5.2324709597830825,0.3058359843060547,1.3124999987192945
3,1,163.52,-4.4839354679275445,0.8155149144658773,1.4359677205535106
6,5,163.52,-5.118023568221074,0.0395269930500907,1.5712826867227034
1,2,163.52,-5.100153771582152,-0.3880488322591288,1.934826959072356
13,3,163.56,-5.725121633539208,-0.2799200656489586,2.0445787516629106
6,5,163.56,-4.983948123448397,-0.2325966058676824,1.8615819748349685
5,13,163.56,-4.890708293849174,-0.245962308873789,1.8732883159720808
5,13,163.6,-7.889177252141584,1.419245950084697,2.8092362509512947
6,5,163.6,-4.8749473041015,-0.4752843208985118,2.12824633299138
13,3,163.6,-1.489781862589552,2.0233643564442017,1.0999476864812303
13,3,163.64,-5.657064517911897,-0.7492266098571847,2.585805197122813
5,13,163.64,-4.634429603039692,-0.7597828584914523,2.364492204931254
1,2,163.64,-4.776034928762157,-1.0668047777153442,2.6575820929386933
6,5,163.64,-4.737375447257642,-0.7430828927675203,2.3687052305582847
3,1,163.64,-4.081111623399727,0.1782061990587661,2.172868581529308
13,3,163.68,-5.548973424804657,-0.9527146261442176,2.769022184568892
5,13,163.68,-4.631967760112015,-0.9681354621889134,2.6114484919624146
6,5,163.68,-4.6223922047327015,-1.0269325608942272,2.6091561500288063
12,7,163.68,-2.8281095490140475,-0.9556472148350866,2.8899557768716724
3,1,163.68,-3.9984033979700753,-0.0701023043625676,2.3895387664077767
1,2,163.68,-4.676631530709969,-1.2725339173625152,2.87822586080589
1,2,163.72,-4.574228237739075,-1.5686303030923825,3.081968248616136
5,13,163.76,-4.398709808302574,-1.4571425970175371,2.9821517420604
1,2,163.8,-4.389700354202341,-1.9957345827152109,3.415913035771797
5,13,163.8,-4.21672118793331,-1.7437576619478805,3.134387981889533
12,7,163.8,-2.277975006110744,-1.6021002770681192,3.440207523051231
1,2,163.84,-4.302002132314812,-2.2687619209851118,3.5695681634298104
1,2,163.88,-4.20927905157447,-2.419158132163347,3.710296314706188
12,7,163.88,-1.8506629814418856,-2.048655513048043,3.727277156198617
12,7,163.92,-1.6066478249817435,-2.267893189067212,3.88116583418351
1,2,163.92,-4.103623783284669,-2.6318467354285846,3.817762969823527
1,2,163.96,-4.013172902142866,-2.852423355729388,3.932659800656096
12,7,163.96,15.323383723180177,-1.2171090920482546,5.092155589621429
12,7,164.0,15.541258493094825,-1.2758241273489344,5.133826503699682
1,2,164.0,-3.9277131274927455,-3.0836263987012837,4.027523067125394
1,2,164.04,-3.849678755747163,-3.300152051651074,4.101676377910086
12,7,164.04,15.58827502547524,-1.3431612349722233,5.166201973474363
12,7,164.08,15.61762431203378,-1.4103902704593108,5.181572736081159
1,2,164.08,-3.7776419331761977,-3.540623993318066,4.172225928722724
1,2,164.12,-3.681010869261867,-3.7235734981380815,4.201643514261291
12,7,164.12,-0.8071831518749384,-3.2335047392407192,4.248085483715654
12,7,164.16,-0.6418157907493535,-3.420037964635714,4.278041301682636
1,2,164.16,-3.594175217276636,-3.913737879513473,4.226061880002256
1,2,164.2,-3.5177834662550387,-4.104040227296488,4.2444866750682015
12,7,164.2,-0.5177786095722374,-3.59902409022404,4.293809250399658
12,7,164.24,-0.4136373730017414,-3.7840795815172976,4.282757294792046
1,2,164.24,-3.428368089712705,-4.331531129325325,4.256410770829065
1,2,164.28,-3.353879087406865,-4.517029953752734,4.237455822951346
12,7,164.28,-0.2463599194191205,-3.9657242712562097,4.294280063626756
12,7,164.32,-0.0900077589684731,-4.155516968515649,4.29193701913743
1,2,164.32,-3.252883694353349,-4.722051423510921,4.22145667450835
1,2,164.36,-3.1510851239940725,-4.900501945301159,4.172085971205632
1,2,164.4,-3.0967070413080933,-5.108985679384278,4.120801749783542
12,7,164.4,0.1904318151752716,-4.500604226751621,4.230363947841689
1,2,164.44,-3.0397218681211897,-5.309838961977513,4.042882664791153
12,7,164.48,0.3638286352479731,-4.83104708010234,4.081536343410199
1,2,164.48,-2.944780675079024,-5.504713865388893,3.963347638165193
1,2,164.52,-2.8650959283262147,-5.686920792122576,3.864571106904082
12,7,164.52,0.5172474401263705,-5.011577618834461,4.026538048503809
12,7,164.56,0.5235008918436354,-5.157357939422897,3.934224069500528
12,7,164.6,-189.41604463786115,34.87689690439382,-13.782723832478782
12,7,164.64,16.173912719140567,0.7353667550820926,5.290683247610545
12,7,164.68,16.173798670392262,0.7356357296041642,5.290526080388011
12,7,164.72,16.173139937009275,0.7360985335524541,5.290081900555672
5,13,164.84,-10.242445658654056,-0.5791203090941991,3.6596837939227687
5,13,164.88,-10.18650720009286,-0.6453619534532378,3.566494962134592
6,5,164.88,-1.5147030629866107,-7.7336853965013725,2.467408454334401
5,13,164.92,-10.141962132169189,-0.7071065931273633,3.4760264637911145
12,7,164.92,13.728377454032442,-0.6907634106640966,3.5426489844226454
5,13,164.96,-10.15010694201644,-0.6327843032021879,3.454738527876175
12,7,164.96,16.164593616284524,0.738733223262625,5.288545972654584
5,13,165.0,-10.246096234753631,-0.6428521317376095,3.314290020001573
6,5,165.0,-1.243676616801158,-8.33313569217747,1.7707786675694472
12,7,165.0,16.16474460353206,0.7387268960965072,5.288698190413273
12,7,165.04,16.164610093741057,0.738761816178192,5.288689284013645
5,13,165.04,-10.209543532024608,-0.6979125179422604,3.197003942707583
12,7,165.08,16.164692365163198,0.738975383033774,5.28862972619109
7,8,165.08,12.460416113842312,2.272562125682135,4.7507205731004944
5,13,165.08,-10.198765760197936,-0.734895480912848,3.110631003504726
5,13,165.12,-10.186676852126045,-0.778294037559383,2.994393095526726
7,8,165.12,12.63970847789846,2.282448605281143,4.698735832090898
12,7,165.12,16.1646950909895,0.7389351286675278,5.288647811013135
5,13,165.16,-10.204293507897042,-0.8119000381635332,2.8889559354228247
7,8,165.16,12.81163860950758,2.296716636930109,4.64646038192298
12,7,165.16,16.164764986978653,0.7389745356858937,5.288657399503066
8,6,165.2,-0.7631004737388778,-8.977582796530072,0.3823014370659335
6,5,165.24,-0.7469273182658761,-9.410943438655814,0.0414207460029484
12,7,165.24,16.165354123816925,0.7388469956410516,5.288933022671818
5,13,165.24,-10.177835548221324,-0.8616526153690002,2.6556403049632293
5,13,165.32,-10.33531534506632,-0.8320376574257425,2.8165192917437865
6,5,165.32,-7.854507508771533,-2.8262894312304536,1.235314305610506
5,13,165.48,-10.190893675511946,-1.6570942528728194,2.802844384095754
5,13,165.56,-10.496635639855258,-1.5226805390368403,3.021495528058765
6,5,165.56,-0.6507588660306856,-10.087271718126948,1.3766151126985309
8,6,165.56,-0.5992064343804184,-9.732608209799388,1.4978712762991735
5,13,165.6,-10.61807309306908,-1.4749725779500635,3.102467975448642
5,13,165.76,-11.010976543500332,-1.3275553613841389,3.357118852946296
5,13,165.84,-11.122549146961918,-1.305893372963199,3.413996315563614
5,13,165.88,-11.166276149834683,-1.305918291750655,3.429849113601191
5,13,165.92,-11.434483367507728,-0.5691904695403395,3.732585605288912
5,13,165.96,-11.482376903708449,-0.5708521729731876,3.742490447944129
