timestamp,X,Y,Z,VX,VY,VZ
155.0,-12.197360216544233,1.0843420205130108,0.8918255625325812,0.0326718936578084,-0.1900251922624644,-0.2829691506921221
155.08,-12.185398674217797,0.9322544208332733,0.7855536798588469,0.036502552279702935,-0.47848671298201473,-1.0361885466585807
155.08,-11.93150600573334,0.5880651128060316,0.5071928857513068,0.011634545701954348,-1.0017187919728434,-0.7929357212447866
155.12,-11.9565810452374,0.4901159547477972,0.4564212230033655,0.015126756776733766,-1.1074130269866609,-1.2353082122698886
155.16,-11.966699463887487,0.39597641685523716,0.37158301831277823,0.011532411272362743,-1.167617932306499,-1.6398954443354166
155.2,-11.986938896005471,0.299040738810086,0.2682034688114202,0.007854583327805986,-1.220097010994496,-2.0696733130435154
155.24,-12.007596648890843,0.20053048919745156,0.20446865439973733,0.010643788526042,-1.275707436036442,-2.466626178465536
155.28,-12.011715293240353,0.12867671855070864,0.16826671840477034,0.01175933578860667,-1.3017941756692912,-2.8040708528683393
155.32,-12.01189585648876,0.06264748160075553,0.15827529426351752,0.01737494469030007,-1.3045130708457326,-3.0608738339829378
155.36,-12.007257391558644,0.018112669237448344,0.1754921641608167,0.02678186230544487,-1.2715297330478985,-3.252723307704259
155.4,-12.491337553194903,-0.6305474126890623,0.35466252341111243,-0.12399261464261561,-1.2621977441012582,-3.0434745206523983
155.44,-12.630302940322514,-0.8124146468401946,0.3299173036311727,-0.1412052015268431,-1.0934996952820542,-3.2010738980312627
155.48,-12.793278416835253,-1.0962146303654992,0.24114218366344056,-0.2589645403699908,-1.4864586262866701,-3.791052126076789
155.52,-12.681774025325913,-1.0098504671357293,0.2846896330342753,-0.03625715650533469,-0.8426170953596038,-3.810759123257929
155.56,-12.917086409567206,-1.4041845901084309,0.29621747937241805,-0.019296371061343274,-1.1008393277710635,-4.325599295584892
155.6,-12.820612606753413,-1.240094182887729,0.22365226741330999,0.053214421689904555,-0.8124429940543173,-4.539061001294502
155.64,-13.066021754991475,-1.6148120682833924,0.2848217079731363,0.11658435124936849,-0.9770278410212827,-4.954591228133078
155.68,-13.212366708032736,-1.7978130454428918,0.20136672270961622,0.14479386800892108,-1.0801952720652548,-5.392595345882083
155.72,-13.371069593182444,-2.003363287820891,0.0684026295336232,0.13167912496089243,-1.1366186164950516,-5.717779184072667
155.76,-13.519518021647404,-2.2070811656850284,-0.04937906105954962,0.11819572357729495,-1.1713054174250073,-6.0019833325707515
155.8,-13.374424908338915,-1.9636938796217749,-0.1554980702734871,0.09632643514181,-1.0897202599230127,-6.529630922035141
155.84,-13.244716040797464,-1.802072744635924,-0.31881763190142715,0.01885380121196694,-0.9900521960190451,-6.91704227960825
155.88,-12.941019190115231,-1.8684059544786469,-0.5655265654613553,0.029330810467901088,-1.0191525831053585,-7.370697737727655
155.88,-13.266940143687076,-2.0536347827026495,-0.25120700174147803,0.06372087443131305,-1.0873217426712432,-7.268308386253543
155.92,-13.529602390938802,-2.166541439505454,-0.3982574949752024,0.06231158804821108,-1.1508589881367526,-7.514106658372109
156.12,-13.73426512941517,-2.279898626156337,-2.031905096390355,0.022560607994772906,-1.034965650923017,-9.457956168535778
156.56,-13.544770533340927,-2.5321768048497595,-6.650987289864504,-0.0037540193590532875,-0.8310120346855733,-13.648807723559289
156.6,-13.45001352989217,-2.4877920743660478,-6.9729076257071005,-0.0051183477577965925,-0.8007127899478368,-14.038102406384573
156.6,-13.21165072029954,-2.580475879052454,-6.739055152780477,-0.00564738210686054,-0.8469661994236565,-13.877939831077919
156.64,-13.03583085723473,-2.6369328293488095,-7.074612121046825,-0.07056388476963228,-0.8556908887349143,-14.114922657148915
156.8,-12.690192683816251,-2.6814490783830283,-9.112539569624282,-0.2586491496114396,-0.7600004429786548,-15.275746012879827
156.84,-12.551106642758105,-2.6139439697167277,-9.430845764823554,-0.35325773160130935,-0.7663091020037954,-15.597753830859238
156.88,-12.507431370756176,-2.610802964845081,-9.785087942130259,-0.3932948599333819,-0.8694295484323892,-15.95264574916185
156.92,-12.552370160196574,-2.556272645574347,-10.094856548641364,-0.46961811677171905,-1.1328815385532274,-16.27186630774755
156.96,-12.427155488838606,-2.5840161675642,-10.466597857325649,-0.4049656557908613,-0.965209580042801,-16.600421457434653
157.0,-12.099605721003359,-2.5730790380032866,-10.77672029340396,-0.24199035799180196,-0.7636976290510453,-16.85732802960655
157.0,-11.982651199196274,-2.4797145697854046,-10.390920818809168,-0.23194981824673516,-0.8484770108101996,-16.800034846072915
157.04,-12.039792506635989,-2.4797898905590174,-10.741058213863159,-0.2141795582658221,-0.8476570959133674,-17.192759607840497
157.04,-12.024299248171033,-2.2768678913835276,-10.43115618188544,-0.17577759264333517,-0.8420657872049567,-17.242613809592857
157.08,-11.917108124176526,-2.2527587677598495,-10.766311185463058,-0.2251252582205301,-0.7182933072428188,-17.716736680437553
157.08,-11.927952833160003,-2.2034448202133263,-10.447081593598623,-0.25449964081439796,-0.759354715069263,-17.71311970378811
157.12,-11.865646506172899,-2.190095207955735,-10.894203078772088,-0.25424233754357295,-0.8096005520667793,-18.100770513267577
157.12,-11.727784318953496,-1.9979687701393825,-10.601398795630427,-0.2160146134240568,-0.8600829314360855,-18.17886326649489
157.16,-11.69089240205034,-1.8626443037565739,-11.057981287930966,-0.12291802967128887,-0.8368100008415563,-18.67717073542705
157.16,-11.617162568803174,-1.6331311472505927,-10.694445612518965,-0.022405154038956713,-0.7361588215222011,-18.784196562645057
157.16,-11.509379901357246,-1.5764758412717597,-10.334677470646744,0.1507679802741923,-0.7577841814754603,-18.792930400903977
157.16,-11.50562281258548,-1.597491066419925,-10.03577108391745,0.16632051635548536,-0.7342926908379686,-18.87199547406902
157.16,-11.411335925108142,-1.598233421115345,-9.702799227947818,0.08926560155263526,-0.7087683411306274,-18.98501721459022
157.2,-11.357412614852485,-1.6504641260251884,-10.168458556854935,-0.051701922985064715,-0.6311659809155655,-19.438712968751833
157.2,-11.291485556047585,-1.6043793953322576,-9.819756983763767,-0.035790899134126836,-0.6407901334290865,-19.40261568560871
157.2,-11.342768907032397,-1.3366127244065604,-9.452864438283683,-0.13963593699795923,-0.7314452405401188,-19.55272354785766
157.2,-11.351733252269181,-1.2878670792661215,-9.1286259301032,-0.22464506654693953,-0.6843452764838474,-19.61703554880235
157.2,-11.357020415114398,-1.2979739825455008,-8.824154339673873,-0.24768828822140954,-0.6045407155281332,-19.642403422929224
157.24,-11.20148854401767,-1.1630987388733196,-9.25625164483133,-0.40359650300314165,-0.6310439284616293,-20.09105394218532
157.24,-11.176595730755846,-1.1521977876123577,-8.965976237559294,-0.449631200801091,-0.5342019503082128,-20.09842712923158
157.28,-11.132839346198784,-1.0817101988340025,-9.509312714233138,-0.46685663883985595,-0.4499704265762418,-20.473475506950816
157.28,-11.034440790465657,-0.9485667044841041,-9.219207386971137,-0.4258855586886167,-0.5054221392260728,-20.484510271163444
157.28,-10.90964898052102,-0.8398724559514481,-8.835106181273062,-0.37183506163444907,-0.49012817472557896,-20.56352329623457
157.28,-10.913086764021164,-0.7782101728646236,-8.496285261832503,-0.3754086659181995,-0.5104868180342028,-20.563632567411542
157.32,-10.94441421010241,-0.706266203285166,-8.986220192349409,-0.37977323072780145,-0.5400724294987175,-20.995208793759886
157.32,-10.823571970697694,-0.669821858914329,-8.692579845739452,-0.3809238699860027,-0.5415561315464169,-20.995002766124205
157.32,-10.806767398180003,-0.6784331080502897,-8.385885658969023,-0.38783084307199134,-0.4878077139899207,-20.98312157436531
157.32,-10.711061235037366,-0.8431569801510485,-8.01779135590334,-0.33524786062342626,-0.5337391122023097,-20.863378946547513
157.36,-10.628986217774836,-0.8942080790058589,-8.55802092359295,-0.35772830900690494,-0.5220239350582432,-21.204830882805215
157.36,-10.54981912334196,-0.8494886546131382,-8.272692631511937,-0.39686919074870913,-0.46555259012348627,-21.136175965809432
157.36,-10.631418223367236,-0.7387125685924939,-7.890684937591732,-0.39123319432860687,-0.4128359100479251,-20.876580772585665
157.4,-10.68563202258683,-0.6233385077705189,-8.24885545237237,-0.27048667429739964,-0.5158068820714038,-21.267762439074765
157.4,-10.689773480721223,-0.5750003230762548,-7.919763110975736,-0.2614429504377058,-0.5099698228575757,-21.23093509807611
157.4,-10.680629154547304,-0.5625799066280183,-7.642704404798725,-0.26077619501875193,-0.49633288606885956,-21.169083709860786
157.44,-10.68544498141234,-0.615668396539227,-8.176049994789189,-0.3230812890302678,-0.3583646724315815,-21.56636183392538
157.44,-10.658242433520837,-0.5605156467651367,-7.871642734776991,-0.37309314853454406,-0.22886621908516883,-21.62055967424015
157.44,-10.600440177731327,-0.5210308260837423,-7.567597300188465,-0.28160141458442534,-0.23343822176654655,-21.678341593331616
157.48,-10.476757386428853,-0.5049923534779451,-8.12058684244339,-0.28122842602287174,-0.24155704605791506,-22.12510453754113
157.48,-10.50057459221916,-0.5560708645376197,-7.751976725567843,-0.23948699445857027,-0.13653214676951922,-22.2390385579232
157.52,-10.528371704490567,-0.5941529272351727,-8.3404808583786,-0.1762688212640895,-0.15674427553707657,-22.623726680840168
157.52,-10.735172532963169,-0.543205357796302,-7.987253184314323,-0.006354764518601164,-0.17534267997227546,-22.616699421850992
157.52,-10.762498057337705,-0.47732771367242177,-7.5184184692697595,0.06038998635704634,-0.12771474642674846,-22.763896355362515
157.52,-10.663855732164958,-0.507984350511903,-7.1216727644068385,-0.08010835315325737,0.03412395377074212,-22.79757565112996
157.56,-10.558865107353483,-0.4951151466667251,-7.7670460669935055,-0.12290812782018785,0.07296300427965526,-23.19060656451094
157.56,-10.476293536650267,-0.4738791906828566,-7.490411608537957,-0.1520587808125932,0.08424627489091369,-23.16328680608965
157.56,-10.375328540975364,-0.3992804730897335,-7.176855021092087,-0.19115000346684288,0.20933079127343007,-23.151720670524877
157.56,-10.313548279446115,-0.3972440207653793,-6.8283384350419185,-0.16094065928357779,0.299479168133215,-23.219131269191553
157.6,-10.343182240866017,-0.3612101176477397,-7.470536091739126,-0.1858219452564734,0.35486715813930647,-23.577504490716226
157.6,-10.294372535383621,-0.3860697153422465,-7.2092487759522,-0.21769888332579396,0.3929121929260568,-23.551695068511666
157.64,-10.272912708016566,-0.40742467172385094,-7.760511980112486,-0.28466142104518005,0.4333376510359743,-23.98807058424468
157.64,-10.203700537191505,-0.307443142969924,-7.475806980265344,-0.33581891097645544,0.4393713257243739,-24.09062150747415
157.64,-10.064622335601962,-0.4447571867189569,-7.078720452153842,-0.5049441816145996,0.5433235107089297,-24.05472041542549
157.64,-10.087762572650707,-0.4439038129636106,-6.747927928219195,-0.3505779172496647,0.5489772256946076,-24.086527504248583
157.68,-10.176006428164197,-0.3775034423429106,-7.376472570989145,-0.0665183278234238,0.5667051702570419,-24.409678191216614
157.68,-10.196139654063531,-0.3950897662306341,-7.041701219259386,-0.04039755425519079,0.5942096262916091,-24.248266990781964
157.68,-10.307166134150291,-0.3767848792950147,-6.6605142919220075,0.04615550664563716,0.7282431732007792,-24.147220341568776
157.68,-10.329517176118644,-0.38890343777760805,-6.312067162315292,0.05138796631866292,0.7984048423078793,-24.045876670907223
157.76,-10.188463301853652,-0.35938670192133115,-7.877408611050738,0.0021955725202397166,0.6146969119408235,-24.85534153378028
157.76,-10.08338133932729,-0.45784352960153735,-7.571505868098354,-0.004535338753403661,0.5931947492818449,-24.942467444640158
157.76,-10.023197029740174,-0.44805656922215537,-7.25129032132444,-0.08158976237764173,0.619329986116331,-25.058255133022506
157.8,-9.957890390611793,-0.4473160856913757,-7.753638257737338,-0.20414836746101622,0.5908923941740505,-25.563097612316383
157.84,-9.981453769523384,-0.4728205067810791,-8.450534799391106,-0.1914276618503055,0.7015339058793699,-25.915885321006787
157.84,-9.876685025463033,-0.5218062032568839,-8.133215611368648,-0.0756133202691041,0.8678423726970962,-25.895543601389008
157.84,-9.796629392610717,-0.5993040359860428,-7.831544607259437,-0.03212071501201233,0.9649794956152484,-25.98926605249197
157.88,-9.81439404664513,-0.5620615248115334,-8.515673818016673,-0.05384627063654991,0.9853435034232185,-26.41987113705081
157.88,-9.793929926832186,-0.5726718469219224,-8.248774769760242,-0.06614794808928813,1.0110924612376058,-26.39137359146016
157.96,-9.689932614271186,-0.44054883538706263,-10.092420669958766,-0.08549715310441346,0.9468478797864285,-27.15911137826837
158.08,-9.676785124366218,-0.29059754098346186,-13.069105850805506,-0.2968658083627076,0.8384566492430564,-28.331452702849838
158.28,-9.733548995327393,-0.1226219133824591,-18.928886636133928,-0.30130166370159556,0.8407802478745029,-30.29815991046642
158.4,-9.768988707371722,-0.021838156880793474,-22.636421956145227,-0.2999963223582849,0.8408167956163883,-31.47666916767299
158.44,-9.779203825475033,0.005297718751172066,-23.90846804946961,-0.2986664224581189,0.8422192757521613,-31.863851404070044
158.56,-9.814875097970242,0.10444182372875661,-27.799688563547566,-0.30306168406117134,0.8394219043075151,-33.04190620853589
158.88,-9.90815424327222,0.3720189110701558,-38.878473960660614,-0.3052328844523236,0.8367998275188685,-36.18122414111146
158.88,-9.911259780765665,0.3718021193568365,-38.88039959070276,-0.3045171255986973,0.8370467955777096,-36.178481314771126
158.88,-9.909204947371103,0.37007198398471913,-38.877136403382494,-0.30533008435206915,0.8388657407520514,-36.180131038731965
158.92,-9.919609575750922,0.4010452592687726,-40.334336713691066,-0.3034725406340381,0.8391224330635243,-36.570535606586084
158.96,-9.929717176692899,0.4327061121307842,-41.80501739406067,-0.30293718450883117,0.8385027348670617,-36.96869628990754
158.96,-9.93137725289507,0.43581281034450325,-41.80525589703406,-0.3005611804549497,0.8386661493466132,-36.96901998518693
159.0,-9.942799162042181,0.4721958988522662,-43.29171333755286,-0.303213840177603,0.8367789394618635,-37.362569688368744
159.04,-9.954412984137939,0.505838443160838,-44.79327407735056,-0.30373377075622077,0.8338936268228629,-37.75452873692792
159.08,-9.967619608672008,0.5423713596243792,-46.31234222993829,-0.3010915494915692,0.8356084542023413,-38.14572734620661
159.08,-9.96690697598017,0.5423265420288036,-46.30896694318003,-0.3025827288157228,0.8341521263989293,-38.14910419601159
159.08,-9.962291443664782,0.5447116543298615,-46.30137970467213,-0.30335172191864246,0.830964229744708,-38.15297615588789
159.12,-9.974059833092547,0.5779048865136822,-47.835743353724666,-0.30251587050543477,0.8298440091038867,-38.54479855275515
159.12,-9.971835701059506,0.5782709464546231,-47.83835747957499,-0.3023956765847523,0.8298028556719516,-38.54419494007136
159.16,-9.983436737802487,0.6143089931500434,-49.38797224867704,-0.3034538791126801,0.8283230971549547,-38.93711892825011
159.2,-9.997989124670669,0.6488924836745595,-50.95359449270242,-0.30363098347948586,0.824819352358647,-39.3329778482179
159.2,-9.999102384107372,0.6458878469716062,-50.95508404430094,-0.3063340012745355,0.825071267782588,-39.33191359976404
159.2,-9.999455806644047,0.6474807272584054,-50.951655279105225,-0.30523140094918566,0.8253317647375701,-39.33350946993583
159.24,-10.01339113220287,0.6796453721138561,-52.53490778352505,-0.3061117440114846,0.8199253012983233,-39.726237654061734
159.24,-10.016828072277727,0.6806105925676715,-52.53413737633951,-0.30815749386032765,0.8206465856421176,-39.72704984190681
159.28,-10.028087469397612,0.7162340339109445,-54.13194455101973,-0.30404032857134566,0.8224470812180761,-40.12089735153419
159.28,-10.027477311096003,0.7107916129641769,-54.13036084768989,-0.30349633238485574,0.8256321903633997,-40.123110789356744
159.32,-10.036988899076988,0.7476103683890867,-55.74117708112,-0.3020098668118201,0.8241753836758077,-40.514093408102966
159.4,-10.061653488569407,0.8136761943633927,-59.01925894717094,-0.3025438226594804,0.8264205942125887,-41.30011350200107
159.4,-10.063476793813955,0.8137769017871259,-59.016882063410605,-0.3020270846539847,0.826222919146173,-41.29788272117929
159.4,-10.062335420190726,0.8115870933734904,-59.014589256791304,-0.3027980287202872,0.8270672540032425,-41.298103656206145
159.44,-10.073435050261631,0.8441981967702266,-60.671219798051396,-0.30289714032198933,0.8269300433723077,-41.69360952639535
159.48,-10.084541037780664,0.8758054930820472,-62.34842140341389,-0.3002153152229208,0.8272215799108594,-42.08210441763989
159.48,-10.086588768794401,0.874146416990061,-62.351284387853084,-0.29220591584370703,0.829110718100098,-42.08098932315565
159.48,-10.086381071048988,0.8732808699584425,-62.34691041698841,-0.2959413605372321,0.829812559788768,-42.08012579619849
159.52,-10.09459140989888,0.9069215356900784,-64.04062443849037,-0.2969883331772012,0.830009297001634,-42.474078613257944
159.52,-10.092794195138689,0.900374881022601,-64.03821813821266,-0.2964009440130237,0.8282465233628399,-42.475994325187685
159.56,-10.104237851442345,0.9386417611033387,-65.74611981928616,-0.2982184831551975,0.8286778862278632,-42.87132769659009
159.56,-10.103038851801772,0.9424042580012499,-65.74644333992221,-0.2972471980765603,0.8299971751123338,-42.869892929070396
159.6,-10.115087224971141,0.9732042581164735,-67.46837370857962,-0.2970018358870252,0.8279988234978706,-43.261176178127215
159.6,-10.117623185178596,0.968609669885247,-67.46809985302546,-0.2949103755332121,0.8261675233260296,-43.26150220710877
159.64,-10.133483840042405,1.0018627794979618,-69.2080351819684,-0.3023909507234465,0.8266667543177768,-43.65535436150197
159.64,-10.136650690434022,1.0053123447710166,-69.20765855494376,-0.29863119664884746,0.8231473230159481,-43.65369071858011
159.68,-10.145624627214028,1.0380617367913443,-70.96245193891812,-0.29954284639849577,0.8235339928750688,-44.044507703418084
159.68,-10.143501276863349,1.039051534971984,-70.960993462621,-0.297494364892676,0.8221492646224382,-44.04661341494236
159.84,-10.191468871696262,1.1707105148372887,-78.13338644246524,-0.2986059552930699,0.8213657440282301,-45.61888851927691
159.88,-10.200826575374176,1.2009636957279577,-79.97053338861791,-0.2996951262749191,0.8190642354808317,-46.01412459093954
159.88,-10.201563034501676,1.197926181673068,-79.96523507421185,-0.3000014531470067,0.81625396165865,-46.0119384558112
159.92,-10.213446647813909,1.2302841987540045,-81.80903440148484,-0.2988936791983295,0.8176202971422379,-46.406694039701236
159.92,-10.215420555739996,1.2327104826302517,-81.81005962689133,-0.29844577004518785,0.8172601695484233,-46.410099050608856
159.92,-10.221636625484024,1.2349108353701297,-81.81225695551946,-0.2992922189034179,0.8158392623418802,-46.41306289506134
159.92,-10.226245410476558,1.2334208485402538,-81.81162727724802,-0.3006087888403731,0.8179550013571429,-46.41470899969648
159.96,-10.237185543054562,1.268373345025769,-83.6791396027422,-0.3046697346015181,0.8174866872075173,-46.80425390169232
160.0,-10.250622692093083,1.3009534328756966,-85.55893575111192,-0.3074230838007356,0.8175335277759536,-47.19659629956592
160.04,-10.26171142548714,1.3361887430587112,-87.4485458878469,-0.30768212696846403,0.8162412054419048,-47.589528143054466
160.04,-10.263337755723033,1.3327124494644798,-87.44535847025864,-0.3024152653723925,0.8147570429787859,-47.588881103090586
160.12,-10.289061443041396,1.3972710153772891,-91.28039131234344,-0.30031374489146967,0.8170656326116145,-48.37099239764706
160.12,-10.284993971123983,1.3990661743812958,-91.28362734670165,-0.30031703548410843,0.8154546902308809,-48.36891708584214
160.16,-10.294955265416126,1.4307456230316682,-93.22624984623288,-0.30276636617213554,0.8139529824101983,-48.76134263315815
160.16,-10.293687266684497,1.429929566899212,-93.226230349901,-0.3029123387552285,0.8152207317267683,-48.759113517267416
160.2,-10.305695968736213,1.4617137550346493,-95.18219127778907,-0.3010229276174796,0.8163910533637319,-49.15693026696472
160.2,-10.306820558259167,1.464403288507114,-95.18602086214308,-0.30103879301833597,0.8160254844191758,-49.15649241754094
160.24,-10.316035433833267,1.4963005834661578,-97.1600197129152,-0.30263850284942323,0.8158168417536782,-49.54990818818106
160.24,-10.313656743461152,1.4939445258396409,-97.15689152231072,-0.30566706616789,0.8170990170731134,-49.549148697552916
160.32,-10.33616947063676,1.56006692106516,-101.15294711812423,-0.3025655999603704,0.8242216586588176,-50.33410979554954
160.32,-10.33625311557475,1.5613574486609754,-101.15594779212151,-0.30195171008340543,0.821662199633685,-50.334379894853484
160.32,-10.335800575527776,1.5629899789631425,-101.15657969849084,-0.3040092417299081,0.823306583453659,-50.33526806036464
160.32,-10.336485582994086,1.5627457985656281,-101.15748792635435,-0.30194377975076353,0.8249026616138961,-50.33614059202198
160.36,-10.349872382588234,1.593749827887526,-103.17880909243725,-0.3058070273670593,0.8256845051750488,-50.727541232213945
160.36,-10.353594764021764,1.5926551122159065,-103.17814024874185,-0.3042801644546592,0.8312718925401213,-50.72740504875075
160.4,-10.367716764048572,1.6202083970224164,-105.21644028850938,-0.303632601561521,0.8324206219450115,-51.116101568014315
160.44,-10.376227654466444,1.650244907167486,-107.27085281303795,-0.30110326483591493,0.8320490672394081,-51.50979860615564
160.44,-10.380532169230209,1.6525775013929354,-107.27163283628117,-0.2990606973986031,0.8326383839110804,-51.50818194435014
160.48,-10.390774382535195,1.6853587366559521,-109.34382577941699,-0.29653844922402683,0.833032591245303,-51.89934545850208
160.48,-10.39141831340611,1.6887357027199308,-109.3417663963488,-0.2961298539235334,0.8293703151118279,-51.89971948386306
160.48,-10.389487602252043,1.6918941407791357,-109.34058910855612,-0.2970369294290062,0.8311274763577978,-51.89724546186315
160.52,-10.401519677285108,1.7267365160157357,-111.42616573970052,-0.2979967344650033,0.8323736118690973,-52.28733235485823
160.6,-10.424097910188536,1.796365735928548,-115.63736356828116,-0.3015092506705509,0.8355817334894954,-53.071149801957745
160.6,-10.427597416544216,1.796305961362123,-115.64123541929935,-0.30209725644506685,0.8362507186589925,-53.06863369239982
160.6,-10.43080233640449,1.800647104792278,-115.64423310852025,-0.30283452810366235,0.8367615826044794,-53.06704990742152
160.6,-10.426587034216611,1.8014041156473661,-115.64116030135058,-0.30013253672357,0.8355604233017209,-53.06336614952266
160.64,-10.436367474882834,1.8337060541517636,-117.77066622202001,-0.30157991114177757,0.8379802737751634,-53.45387588909045
160.64,-10.435604225136606,1.8378248047216363,-117.76476277521733,-0.30464645951146124,0.8382561298789143,-53.454742289258455
160.64,-10.433125116768979,1.8373272607050886,-117.76363034527051,-0.3062904422935318,0.8389629952461621,-53.45340909219199
160.68,-10.445783634675626,1.8687050579751885,-119.9108710802012,-0.3074034442671968,0.8384150356544697,-53.845793439743176
160.68,-10.44398277789443,1.873165655416519,-119.90944275219321,-0.30455414035591777,0.8400284149502929,-53.847083929204835
160.68,-10.442510522706161,1.8751095705000542,-119.91040609524154,-0.3027967503005841,0.8398437695405725,-53.847546361030474
160.68,-10.439964950233623,1.8766874829656786,-119.90960399864288,-0.30011259545438296,0.8405662208480555,-53.84467988969652
160.68,-10.440152468604051,1.8747343024749188,-119.91151832882649,-0.29683845992091507,0.8414042838815209,-53.84128908637211
160.68,-10.433283600717722,1.8728023556104627,-119.91392436177507,-0.299995721117761,0.8417324759732209,-53.842355452659234
160.72,-10.443916608198824,1.9060254784713218,-122.07706945588725,-0.29882186001666644,0.8392678169584942,-54.233050974495185
160.72,-10.442849916345098,1.904726714852734,-122.07672281965884,-0.30267000291346496,0.836641285717962,-54.23076388271991
160.72,-10.443764028011172,1.901709533767048,-122.07674872718468,-0.3015326335000548,0.8396198780739367,-54.22884360470766
160.72,-10.444511895408935,1.8995904759368412,-122.07649679620744,-0.30057018639213234,0.8407739963634338,-54.22505072146142
160.72,-10.447250577037158,1.8999322426124758,-122.07864282891225,-0.2997337649135363,0.8386679212685352,-54.2257668499958
160.72,-10.445147696977195,1.9010414756698368,-122.08019855974916,-0.30137496333271196,0.835934549765213,-54.22704224575375
160.76,-10.46236670793729,1.9351918676165754,-124.25721726153883,-0.30012152419393884,0.8373603407161321,-54.61978529157965
160.76,-10.465106197066303,1.9325674623767657,-124.25339265357765,-0.30097970130977514,0.8372057965048558,-54.621525215309624
160.76,-10.464203377732431,1.9323808471741217,-124.2529552766963,-0.3023343786877966,0.8411153109586285,-54.624376972185416
160.76,-10.463191917297506,1.9309948772826606,-124.25163995651991,-0.3012306335390421,0.8390075294175304,-54.626301282503924
160.8,-10.47556803807325,1.9656839340612833,-126.44639548354573,-0.29958649692442224,0.8377964655845839,-55.01911718188781
160.8,-10.475497893975062,1.9649703346869731,-126.4456960292984,-0.3005779442282313,0.8394715600964711,-55.017186933205615
160.8,-10.47229604044923,1.9660939734003269,-126.44539654699267,-0.30282819765836305,0.8386662016946854,-55.01647217611236
160.84,-10.486305300175468,2.0004129727335282,-128.6525927615395,-0.3039867185649518,0.8376181866924434,-55.408752375496846
160.88,-10.4956762880035,2.036989207000001,-130.8786069040917,-0.30594009989156734,0.8367386361215264,-55.8007109916736
160.92,-10.50378065425904,2.0735016114581706,-133.11759215930493,-0.30430120584166676,0.8352711255245754,-56.18630223887132
160.96,-10.516585103246035,2.1088568332196704,-135.37436988689296,-0.3038832311967972,0.8336013235913685,-56.582580245155214
161.0,-10.529395545282458,2.143349910140754,-137.64270416282818,-0.30475956135924176,0.8325583490131636,-56.9763590972105
161.0,-10.530224614786595,2.1475596266980483,-137.64192718990367,-0.30477880697135884,0.8307801663080476,-56.97762020185455
161.04,-10.54088623941048,2.1818068080548336,-139.93236179833733,-0.30231815192674555,0.8304155653784709,-57.368271728361584
161.04,-10.53687038568513,2.181920535215236,-139.93522503479517,-0.30486698873602436,0.8288884758310321,-57.367614516312734
161.08,-10.545350094615017,2.2177009567468824,-142.23774704267225,-0.3054722439870509,0.8276217367878331,-57.760366891548195
161.08,-10.546606377801202,2.2202998205279116,-142.2371891460714,-0.31057306991702366,0.8287596908117575,-57.76130599707379
161.12,-10.561777862956319,2.2508908881355763,-144.55712812251963,-0.30911088408983656,0.8294264335789048,-58.15425077930524
161.12,-10.561261978743081,2.2505441790251317,-144.5605979759984,-0.3101053733793279,0.8272669370803533,-58.15490465943803
161.16,-10.574239410403232,2.2836509399100655,-146.8944890757181,-0.3117435947719857,0.8265683556166966,-58.54897818101865
161.2,-10.587648170173061,2.31735021630102,-149.24225006832683,-0.30945337361101627,0.8264085368940454,-58.94197114693706
161.24,-10.599819545379628,2.345641339369026,-151.60507891000825,-0.30954720081382897,0.8294979110688124,-59.337417698120596
161.24,-10.599070217535596,2.345842598670405,-151.6055432977298,-0.31125201145236125,0.8293334203568428,-59.33724492778696
161.36,-10.633956810224635,2.4466922536158653,-158.7970316668826,-0.3122367018123461,0.8258671755528322,-60.51230658911754
161.4,-10.643199473179388,2.479225658477502,-161.22551653439524,-0.3128251894789337,0.8265210692252082,-60.89803699601637
161.44,-10.657160669247327,2.510290840589058,-163.67177859736958,-0.31054539840371415,0.8258999899591567,-61.29360856315065
161.48,-10.671895445898283,2.5442679221690607,-166.13337486079357,-0.31224956832750644,0.8234259865908905,-61.686979208317666
161.68,-10.736461163615093,2.7085137567071595,-178.66922371313248,-0.3106909193138874,0.8205096683917774,-63.645520417725855
161.76,-10.764885753810406,2.772995480998108,-183.79624719720823,-0.31108130599698647,0.8198922546462215,-64.42785892678395
162.0,-10.83528244968942,2.966394617049846,-199.5459051454616,-0.31132262067987415,0.8176136948591834,-66.7848042063609
162.04,-10.851115539092353,2.9991601890855684,-202.22580095462584,-0.31577445508103913,0.8205634489664966,-67.17948774587065
162.24,-10.915011615546556,3.1638008000861575,-215.85517612047363,-0.31978073826495845,0.8200509546821395,-69.13693192950828
162.48,-10.987954455878869,3.3579510677833726,-232.73480980049035,-0.32121901188741536,0.8206247541738121,-71.49123191284937
162.48,-10.989979880718385,3.357844800521471,-232.73307542273466,-0.31882647458969726,0.8215251823581391,-71.49138101626568
162.52,-11.00690232067084,3.390104004197286,-235.60131817185336,-0.3141389617428098,0.823469671621117,-71.88763398327723
162.52,-11.009288345256088,3.3895661269455566,-235.60246770860195,-0.3183548737430972,0.819622489970079,-71.88837901632176
162.52,-11.010014075757447,3.3901565687864545,-235.59894178295562,-0.31722421091228203,0.8226115401153533,-71.88617731866012
162.56,-11.02485176355875,3.423843844310452,-238.4838149678873,-0.31389228135773267,0.824997476253283,-72.28172505134418
162.56,-11.022068765538586,3.420781441154619,-238.4828198388764,-0.31611707670306366,0.825715772374927,-72.27578349096375
162.56,-11.023809002310301,3.4208962124853,-238.48119110118475,-0.31542609287730305,0.8236146389250073,-72.2770044169623
162.6,-11.036874200374474,3.454718083110331,-241.3807683861163,-0.3202375557868313,0.8267130593815033,-72.6713708810452
162.64,-11.050678879612526,3.486497852578168,-244.29726427193157,-0.3237430145378767,0.8296126947378958,-73.06476170905627
162.64,-11.050574678055318,3.4881365947229392,-244.29513141878735,-0.32271530667510556,0.8309977460934436,-73.0673924538958
162.68,-11.06306012139276,3.5197167271544445,-247.22449649285662,-0.3190655112057534,0.8292833155493092,-73.45675568471573
162.72,-11.079048975253333,3.5505449954036554,-250.16837866753815,-0.31864406106301235,0.8286017689473405,-73.84493905483639
162.72,-11.078678376542362,3.550691648661124,-250.17271860269463,-0.3183960350518096,0.8296899704385882,-73.84249729437414
162.72,-11.077648767022868,3.5531567425541524,-250.1721589681496,-0.32000550732756333,0.8292411811860763,-73.84006106061034
162.84,-11.114575598418508,3.653439009073857,-259.10650230070894,-0.3242796526315117,0.8308654585374223,-75.01455561659351
162.84,-11.113303961133974,3.6528849295242405,-259.10476624231825,-0.326755107867935,0.8314088954006502,-75.01479193830274
162.84,-11.115055725509041,3.6545626571098544,-259.1056697530897,-0.33186879264952746,0.8293812160987779,-75.01127436363244
163.16,-11.217829880662169,3.924178710381804,-283.6126837396343,-0.3281032203033601,0.8294968825470105,-78.15522634650756
163.2,-11.232687283109954,3.958247785324915,-286.7454599357779,-0.3286149833659018,0.828572461223175,-78.54626709805788
163.28,-11.258505139952046,4.024831237693444,-293.0598174370743,-0.3296792178646288,0.8281434033965693,-79.33350541820367
163.32,-11.273644910645324,4.061934780728146,-296.2384501078514,-0.33339914259848674,0.8292828803728107,-79.72488949502764
163.4,-11.298050860690955,4.127845412272784,-302.6481776663012,-0.33083320045339426,0.8297632604981755,-80.50690595921766
163.44,-11.3123074784546,4.161806644504514,-305.8771366873393,-0.3297663284558095,0.8310197265732098,-80.89901297871077
163.44,-11.313049487826072,4.166305541164762,-305.87590869702166,-0.3304273271163098,0.8322297159009154,-80.8997665933708
163.52,-11.340873028663436,4.234241848278796,-312.38006707909557,-0.33093209775862903,0.8325761703262274,-81.68157194701868
163.56,-11.354588936274487,4.265938959204857,-315.6566634716701,-0.32649726422246045,0.8338556493927402,-82.07418580258181
163.6,-11.368777775903302,4.299212877448313,-318.9482764197476,-0.3234802336132187,0.8319327465411923,-82.46608310980105
163.68,-11.393212200942054,4.364979034930098,-325.5764160430738,-0.321427256391021,0.8313217572256867,-83.24813472877594
163.68,-11.38949307340982,4.358863245652158,-325.5767116496593,-0.31878341997323056,0.8308268140965707,-83.2491675895036
163.76,-11.41821926273042,4.422862824591535,-332.2665965393961,-0.31941865329631125,0.830867256623238,-84.03391884861544
163.92,-11.470140089366467,4.555886674193499,-345.8401915167852,-0.3200458622617597,0.8315032838881276,-85.60488124128172
164.0,-11.492584222521133,4.6255831698745435,-352.718393273397,-0.320857962392455,0.8313975813458313,-86.3898594295837
164.04,-11.50185336524494,4.6535145650140795,-356.181693098154,-0.3206423877489529,0.8330971857104934,-86.78125286445815
164.08,-11.514190183912428,4.688396905373198,-359.6607450174115,-0.3194171754596913,0.8329895639417637,-87.17696395874165
164.12,-11.528432381521283,4.719714627148799,-363.1573931395742,-0.3183379258108822,0.8311598628417939,-87.56987742362945
164.12,-11.527094214466588,4.721218698187192,-363.15639018137676,-0.31611457291655576,0.833441886474129,-87.56556309168052
164.16,-11.543041217448913,4.756010380864854,-366.6664254590222,-0.3167709881934849,0.8324018924760642,-87.95735701345029
164.32,-11.591782790515875,4.890291514859642,-380.863768301866,-0.31525477282090364,0.828965485006539,-89.5268528473282
164.36,-11.603615159107077,4.923208725063858,-384.45337400083883,-0.3192167585321494,0.8300367745144043,-89.92174320673762
164.4,-11.61518404688852,4.95920065805251,-388.0580541676883,-0.3172165952005482,0.8329610836005991,-90.31163539532814
164.52,-11.65550300162761,5.0608033719566246,-398.9649459774952,-0.3165843891487205,0.8294118838793498,-91.48770801868167
164.76,-11.733627175555446,5.260973391697965,-421.2054887661955,-0.3156198257412217,0.8282989078408385,-93.84864729508591
164.8,-11.743308938211184,5.297807332399682,-424.96917350451145,-0.32126605385724577,0.8321882809708787,-94.24185793211474
164.8,-11.74482135346012,5.295607527174468,-424.9668866358737,-0.32163257222689157,0.8339108530217969,-94.24228408812729
164.84,-11.75481874739369,5.327725922168552,-428.7420738347625,-0.31930288256276346,0.8317698697857038,-94.63656335247828
164.92,-11.778806914187896,5.395313963607127,-436.34396384195225,-0.31625803012140336,0.8321647161241088,-95.41954143483034
164.92,-11.776064002126326,5.39238646342432,-436.34463098493165,-0.3154693136305339,0.8336671265304864,-95.41973238631284
165.0,-11.803080207619342,5.4592539778352,-444.0130510886341,-0.3148712264113395,0.8347767261007237,-96.20183757714912
165.48,-11.954289584436621,5.861224513956106,-491.3200596246567,-0.31440447499075824,0.8358963759705188,-100.91298710871936
165.56,-11.97944920204673,5.9264573565992675,-499.4232854980399,-0.3155654465445113,0.8380910186393773,-101.69431305765929
